0,7,0
0,27,1
0,13,0
0,47,1
0,12,0
0,12,0
0,100,0
0,13,1
0,12,0
0,22,0
0,12,0
0,13,0
0,64,0
0,11,0
0,13,0
0,44,0
0,13,0
0,51,0
0,15,1
0,44,0
0,16,1
0,4,1
0,31,1
0,5,0
0,27,0
0,5,0
0,16,0
0,63,0
0,12,1
0,2,0
0,23,1
0,22,0
0,28,0
0,108,0
0,63,1
0,27,1
0,22,1
0,24,0
0,75,1
0,66,1
0,22,0
0,22,0
0,141,0
0,22,0
0,7,1
0,66,0
0,16,1
0,71,1
0,28,1
0,154,1
0,90,1
0,51,0
0,23,0
0,22,0
0,108,1
0,5,0
0,5,0
0,5,0
0,70,0
0,12,0
0,12,0
0,70,1
0,60,0
0,1,0
0,61,1
0,49,1
0,75,1
0,22,0
0,22,0
0,15,0
0,11,0
0,22,1
0,95,0
0,66,0
0,0,1
0,12,0
0,66,0
0,15,0
0,51,0
0,51,1
0,11,1
0,0,1
0,51,0
0,94,0
0,11,0
0,11,0
0,4,0
0,49,1
0,22,0
0,69,1
0,23,0
0,23,0
0,23,0
0,9,1
0,23,0
0,16,0
0,15,0
0,144,0
0,69,1
0,16,0
0,15,0
0,16,0
0,16,1
0,7,1
0,27,0
0,75,0
0,12,0
0,85,0
0,14,0
0,3,0
0,23,1
0,14,1
0,7,1
0,1,0
0,1,0
0,98,0
0,1,1
0,147,0
0,83,0
0,12,0
0,147,0
0,12,0
0,70,1
0,97,1
0,144,0
0,144,0
0,95,0
0,0,0
0,26,1
0,16,1
0,4,1
0,66,0
0,53,0
0,74,1
0,66,0
0,0,1
0,98,0
0,21,0
0,144,0
0,69,0
0,6,0
0,144,0
0,82,0
0,76,1
0,63,1
0,82,0
0,2,1
0,75,1
0,7,1
0,12,1
0,75,1
0,12,0
0,102,0
0,119,0
0,102,0
0,51,0
0,51,0
0,12,0
0,144,0
0,6,0
0,36,0
0,51,0
0,14,1
0,31,1
0,95,1
0,15,1
0,74,1
0,11,0
0,58,1
0,22,0
0,140,1
0,97,0
0,70,1
0,53,0
0,97,1
0,67,0
0,118,1
0,60,0
0,64,0
0,14,0
0,119,0
0,97,0
0,66,0
0,11,0
0,66,0
0,4,1
0,97,1
0,53,0
0,66,0
0,72,1
0,2,0
0,82,0
0,97,1
0,4,1
0,82,0
0,75,0
0,75,0
0,66,0
0,66,0
0,95,0
0,95,0
0,95,0
0,1,1
0,60,0
0,82,0
0,66,0
0,69,1
0,90,1
0,66,0
0,11,0
0,97,0
0,51,0
0,70,1
0,16,1
0,70,0
0,97,0
0,23,0
0,14,1
0,22,0
0,31,0
0,56,0
0,95,1
0,48,1
0,51,0
0,5,1
0,82,0
0,70,0
0,7,1
0,64,0
0,98,0
0,0,0
0,51,0
0,15,1
0,34,1
0,13,0
0,9,1
0,51,1
0,97,1
0,22,0
0,22,0
0,98,0
0,31,0
0,0,0
0,75,1
0,60,0
0,37,0
0,11,0
0,64,0
0,5,0
0,12,1
0,95,0
0,1,1
0,11,0
0,11,0
0,23,0
0,0,0
0,69,0
0,34,0
0,11,0
0,23,0
0,11,1
0,0,0
0,31,0
0,11,0
0,5,0
0,51,0
0,154,0
0,15,0
0,53,0
0,70,0
0,65,0
0,34,0
0,51,0
0,119,0
0,70,0
0,24,0
0,23,0
0,82,0
0,22,1
0,12,0
0,31,0
0,53,0
0,23,1
0,22,1
0,34,0
0,12,0
0,31,0
0,53,0
0,11,1
0,14,1
0,2,1
0,2,0
0,70,0
0,128,0
0,0,0
0,11,1
0,22,1
0,15,0
0,15,1
0,12,1
0,70,1
0,119,0
0,23,0
0,34,0
0,12,1
0,33,0
0,33,1
0,28,0
0,63,0
0,147,0
0,82,0
0,15,1
0,34,0
0,28,0
0,89,0
0,63,0
0,28,1
0,100,0
0,89,1
0,2,0
0,55,0
0,158,1
0,100,0
0,42,0
0,141,1
0,63,0
0,143,1
0,128,1
0,82,1
0,55,0
0,42,0
0,23,1
0,82,1
0,31,1
0,59,1
0,34,0
0,70,1
0,69,1
0,11,0
0,15,0
0,49,1
0,0,1
0,52,0
0,55,0
0,69,1
0,0,1
0,81,0
0,11,1
0,51,0
0,28,0
0,5,0
0,7,0
0,50,1
0,50,1
0,2,0
0,69,1
0,60,1
0,119,0
0,7,1
0,9,1
0,2,0
0,14,1
0,136,0
0,15,0
0,12,0
0,63,1
0,5,0
0,15,0
0,12,0
0,75,1
0,5,0
0,136,1
0,22,1
0,5,0
0,70,1
0,105,0
0,97,0
0,36,1
0,31,0
0,5,0
0,11,1
0,22,0
0,27,1
0,1,1
0,105,1
0,59,0
0,93,0
0,12,0
0,12,0
0,15,0
0,13,0
0,12,1
0,66,0
0,15,1
0,95,1
0,13,1
0,89,0
0,11,0
0,24,0
0,49,1
0,63,1
0,97,1
0,37,0
0,15,0
0,11,0
0,11,0
0,97,0
0,21,0
0,93,0
0,15,1
0,13,0
0,66,0
0,22,1
0,12,0
0,89,1
0,22,0
0,30,0
0,49,1
0,9,0
0,0,0
0,34,1
0,143,0
0,0,0
0,75,1
0,47,0
0,143,1
0,12,0
0,34,1
0,66,1
0,66,1
0,85,1
0,143,1
0,22,0
0,23,0
0,171,1
0,2,1
0,93,0
0,66,0
0,23,0
0,34,0
0,50,1
0,69,1
0,22,1
0,22,1
0,23,0
0,12,0
0,59,1
0,12,0
0,81,0
0,65,1
0,141,1
0,138,0
0,0,0
0,12,1
0,23,1
0,153,0
0,126,1
0,66,1
0,22,0
0,34,0
0,51,0
0,6,0
0,12,0
0,119,0
0,66,1
0,23,1
0,6,0
0,123,0
0,65,0
0,28,0
0,63,1
0,148,0
0,148,0
0,123,1
0,64,0
0,16,0
0,3,0
0,123,0
0,110,1
0,65,0
0,123,0
0,97,1
0,3,1
0,31,1
0,27,0
0,54,0
0,94,0
0,123,1
0,64,1
0,34,0
0,23,1
0,13,0
0,110,0
0,82,0
0,123,1
0,80,1
0,110,1
0,28,1
0,11,0
0,9,1
0,42,0
0,127,1
0,123,1
0,30,0
0,42,1
0,114,0
0,28,0
0,94,0
0,70,1
0,37,0
0,16,0
0,31,1
0,16,0
0,145,1
0,114,1
0,12,0
0,51,0
0,4,0
0,16,1
0,3,0
0,114,1
0,7,1
0,103,0
0,12,0
0,51,1
0,42,1
0,23,0
0,16,0
0,7,0
0,51,0
0,110,0
0,114,1
0,6,0
0,16,0
0,6,0
0,4,0
0,51,0
0,23,0
0,6,0
0,51,0
0,30,0
0,11,1
0,110,1
0,125,1
0,51,1
0,42,0
0,51,0
0,110,0
0,42,0
0,145,0
0,123,1
0,4,0
0,119,0
0,16,0
0,103,1
0,52,0
0,51,1
0,145,1
0,103,0
0,7,0
0,51,0
0,23,0
0,28,0
0,23,0
0,16,0
0,82,0
0,42,0
0,1,0
0,145,1
0,16,0
0,41,0
0,0,0
0,42,0
0,7,0
0,42,0
0,156,1
0,1,1
0,27,0
0,51,1
0,24,1
0,70,0
0,41,1
0,156,1
0,145,0
0,125,1
0,5,0
0,11,0
0,88,1
0,7,0
0,0,0
0,157,0
0,12,1
0,123,1
0,156,0
0,145,1
0,114,0
0,9,0
0,0,0
0,66,1
0,4,0
0,7,1
0,9,1
0,89,0
0,22,0
0,4,0
0,66,0
0,60,0
0,60,0
0,123,1
0,66,0
0,156,1
0,42,0
0,70,1
0,60,0
0,1,1
0,65,1
0,89,1
0,60,0
0,66,0
0,85,0
0,156,1
0,143,0
0,143,1
0,19,1
0,0,0
0,60,0
0,66,0
0,69,0
0,66,0
0,156,1
0,143,0
0,103,0
0,89,1
0,157,0
0,103,1
0,60,0
0,60,0
0,66,0
0,75,1
0,89,1
0,0,0
0,7,0
0,20,1
0,156,1
0,66,0
0,89,1
0,157,1
0,9,0
0,114,0
0,60,0
0,143,1
0,143,0
0,0,1
0,51,0
0,7,0
0,66,0
0,145,0
0,1,0
0,143,0
0,97,1
0,22,0
0,125,1
0,145,1
0,23,1
0,0,0
0,0,0
0,19,1
0,143,0
0,82,0
0,69,0
0,14,0
0,12,1
0,0,0
0,60,0
0,156,0
0,143,0
0,143,0
0,12,1
0,31,0
0,16,0
0,143,0
0,154,1
0,6,0
0,2,0
0,15,1
0,42,0
0,114,0
0,125,1
0,8,0
0,0,1
0,126,0
0,89,0
0,49,1
0,0,0
0,51,0
0,66,0
0,89,0
0,15,0
0,71,1
0,53,0
0,7,0
0,156,1
0,89,0
0,22,1
0,15,1
0,125,0
0,8,1
0,51,0
0,89,0
0,66,1
0,16,1
0,89,0
0,66,1
0,12,0
0,53,0
0,84,1
0,0,0
0,12,1
0,12,0
0,42,0
0,60,1
0,51,1
0,145,0
0,5,1
0,42,0
0,26,0
0,0,0
0,125,1
0,23,0
0,66,1
0,70,0
0,42,0
0,42,0
0,75,1
0,22,1
0,5,0
0,169,0
0,89,0
0,145,0
0,89,0
0,160,0
0,89,0
0,35,0
0,66,0
0,60,0
0,9,0
0,0,1
0,4,1
0,16,1
0,97,1
0,16,0
0,143,1
0,23,0
0,0,0
0,51,0
0,42,0
0,15,1
0,7,0
0,4,1
0,66,0
0,156,1
0,125,0
0,9,0
0,22,0
0,5,0
0,143,1
0,53,1
0,51,0
0,4,1
0,20,1
0,66,0
0,51,0
0,125,1
0,169,0
0,16,0
0,160,0
0,89,0
0,16,1
0,16,1
0,160,1
0,66,0
0,66,0
0,145,1
0,66,0
0,42,0
0,51,0
0,35,0
0,51,0
0,51,0
0,89,0
0,66,0
0,11,1
0,60,0
0,88,0
0,0,0
0,143,1
0,62,0
0,66,0
0,60,0
0,81,0
0,65,1
0,81,0
0,16,0
0,143,0
0,1,1
0,64,0
0,24,1
0,51,0
0,169,0
0,64,1
0,7,0
0,0,0
0,69,0
0,143,0
0,125,0
0,126,1
0,66,0
0,66,0
0,9,1
0,125,0
0,143,1
0,60,1
0,171,0
0,66,0
0,104,0
0,66,0
0,169,0
0,7,1
0,0,0
0,51,0
0,24,0
0,70,1
0,66,0
0,45,0
0,7,0
0,89,0
0,104,1
0,89,0
0,99,0
0,51,0
0,12,1
0,65,0
0,51,0
0,15,1
0,12,0
0,42,0
0,66,0
0,156,1
0,0,0
0,89,0
0,12,1
0,99,0
0,66,0
0,42,0
0,42,0
0,126,0
0,12,0
0,42,0
0,60,1
0,99,0
0,66,0
0,66,0
0,3,1
0,20,0
0,51,1
0,20,1
0,97,1
0,126,1
0,102,0
0,12,0
0,156,1
0,12,0
0,42,0
0,89,0
0,125,0
0,26,0
0,22,0
0,0,0
0,66,0
0,5,0
0,75,0
0,169,0
0,0,0
0,1,0
0,125,1
0,69,0
0,9,0
0,70,0
0,66,0
0,89,0
0,9,1
0,51,1
0,1,0
0,5,0
0,31,0
0,26,0
0,42,0
0,66,0
0,75,1
0,1,0
0,0,0
0,60,0
0,27,1
0,4,0
0,16,0
0,2,0
0,70,0
0,60,1
0,0,1
0,66,0
0,3,1
0,70,0
0,22,0
0,143,0
0,23,0
0,134,0
0,167,0
0,1,0
0,66,1
0,70,0
0,108,1
0,12,0
0,28,0
0,2,0
0,36,0
0,155,1
0,51,0
0,108,0
0,89,1
0,2,0
0,78,1
0,51,0
0,51,0
0,125,1
0,63,0
0,97,0
0,22,1
0,49,1
0,22,0
0,126,0
0,44,0
0,42,0
0,0,0
0,7,0
0,150,1
0,15,1
0,51,1
0,163,0
0,62,0
0,167,0
0,51,1
0,150,0
0,12,0
0,143,0
0,163,0
0,143,1
0,129,1
0,75,1
0,40,1
0,12,0
0,0,0
0,70,0
0,66,0
0,1,0
0,150,1
0,25,1
0,137,0
0,128,0
0,155,0
0,11,1
0,89,0
0,60,0
0,0,0
0,11,1
0,48,0
0,5,1
0,12,0
0,66,0
0,13,0
0,89,0
0,60,0
0,66,0
0,60,0
0,70,0
0,1,0
0,66,1
0,35,0
0,13,0
0,149,1
0,13,0
0,89,0
0,89,0
0,89,0
0,89,1
0,89,0
0,48,1
0,13,0
0,66,1
0,66,1
0,153,1
0,15,1
0,69,1
0,35,0
0,62,0
0,62,0
0,16,1
0,62,0
0,60,0
0,60,0
0,88,0
0,70,0
0,150,1
0,156,0
0,60,0
0,126,0
0,143,1
0,134,0
0,72,1
0,25,0
0,5,1
0,25,1
0,5,0
0,51,0
0,7,0
0,31,0
0,3,1
0,44,0
0,12,0
0,115,1
0,66,0
0,24,0
0,160,0
0,71,1
0,49,1
0,3,0
0,75,0
0,23,0
0,35,0
0,66,0
0,150,0
0,31,0
0,35,0
0,35,1
0,150,1
0,108,0
0,54,1
0,0,1
0,7,1
0,12,1
0,22,0
0,64,0
0,35,0
0,22,0
0,31,1
0,12,1
0,0,0
0,104,0
0,42,0
0,9,1
0,60,1
0,126,0
0,70,1
0,42,1
0,104,1
0,60,0
0,108,1
0,78,0
0,25,0
0,23,0
0,116,0
0,116,0
0,51,0
0,116,0
0,100,0
0,0,0
0,117,0
0,37,0
0,126,0
0,51,0
0,66,0
0,42,0
0,68,1
0,9,0
0,159,0
0,156,0
0,66,0
0,37,0
0,0,1
0,41,1
0,164,0
0,161,1
0,1,0
0,151,1
0,163,1
0,93,1
0,68,0
0,119,0
0,68,0
0,34,0
0,34,0
0,7,1
0,97,0
0,68,0
0,68,1
0,117,0
0,0,0
0,82,0
0,9,1
0,34,1
0,159,1
0,143,1
0,161,0
0,0,0
0,1,0
0,161,0
0,28,1
0,16,1
0,7,0
0,42,0
0,0,0
0,119,0
0,7,1
0,160,0
0,68,1
0,161,1
0,66,0
0,100,0
0,66,0
0,12,0
0,93,1
0,22,1
0,9,0
0,66,1
0,22,0
0,100,1
0,154,0
0,9,0
0,66,0
0,116,1
0,1,1
0,16,0
0,117,0
0,5,1
0,159,0
0,9,1
0,144,0
0,66,1
0,12,0
0,35,1
0,51,0
0,156,1
0,70,0
0,12,0
0,8,0
0,14,1
0,41,0
0,64,1
0,12,0
0,8,0
0,67,0
0,22,1
0,41,1
0,70,1
0,42,1
0,66,0
0,5,1
0,62,1
0,51,1
0,151,1
0,12,1
0,2,0
0,8,0
0,23,1
0,93,0
0,12,0
0,16,0
0,51,0
0,1,0
0,101,0
0,154,0
0,22,0
0,66,1
0,101,0
0,97,1
0,16,1
0,34,0
0,63,1
0,51,0
0,42,1
0,10,0
0,98,1
0,31,0
0,1,0
0,10,0
0,12,0
0,66,0
0,119,0
0,106,0
0,49,0
0,75,1
0,82,1
0,93,0
0,13,0
0,66,0
0,61,1
0,106,1
0,45,0
0,10,0
0,66,0
0,87,1
0,154,1
0,42,0
0,13,0
0,0,0
0,29,1
0,63,1
0,7,1
0,1,0
0,16,1
0,119,0
0,30,0
0,5,1
0,51,0
0,29,1
0,66,0
0,12,0
0,4,0
0,152,1
0,135,0
0,10,0
0,70,0
0,51,1
0,60,0
0,66,0
0,135,1
0,48,0
0,34,0
0,5,1
0,7,0
0,12,1
0,14,0
0,48,0
0,39,0
0,14,0
0,23,0
0,5,0
0,12,0
0,29,0
0,143,1
0,29,0
0,93,0
0,36,1
0,62,1
0,29,0
0,28,0
0,89,0
0,89,0
0,10,1
0,29,0
0,10,1
0,48,1
0,62,0
0,93,0
0,82,0
0,66,0
0,87,1
0,118,0
0,0,0
0,21,1
0,70,0
0,2,0
0,29,1
0,117,0
0,146,1
0,62,1
0,32,0
0,82,1
0,148,1
0,7,0
0,45,0
0,13,1
0,14,1
0,81,1
0,4,0
0,0,0
0,48,0
0,32,0
0,4,0
0,42,1
0,7,1
0,34,0
0,48,1
0,49,0
0,145,1
0,41,1
0,15,0
0,97,1
0,51,0
0,116,1
0,39,1
0,75,1
0,15,1
0,70,0
0,66,1
0,4,0
0,118,0
0,144,1
0,53,1
0,0,1
0,93,0
0,44,0
0,134,1
0,3,1
0,4,1
0,22,1
0,119,1
0,119,1
0,49,1
0,12,0
0,29,1
0,111,0
0,118,0
0,69,0
0,51,1
0,11,1
0,42,0
0,23,0
0,53,0
0,83,0
0,81,0
0,51,0
0,23,0
0,93,0
0,56,0
0,13,0
0,23,0
0,25,0
0,47,0
0,69,1
0,23,0
0,42,0
0,5,0
0,36,0
0,31,1
0,23,0
0,134,0
0,42,0
0,16,0
0,23,0
0,13,0
0,49,0
0,53,1
0,0,0
0,23,0
0,12,1
0,97,0
0,51,1
0,93,0
0,114,0
0,20,0
0,56,0
0,12,0
0,42,0
0,56,1
0,65,1
0,93,0
0,0,1
0,34,0
0,67,0
0,103,0
0,118,0
0,138,0
0,34,0
0,5,0
0,93,0
0,120,0
0,103,0
0,96,0
0,31,0
0,96,0
0,96,0
0,69,0
0,114,0
0,12,1
0,7,0
0,82,0
0,16,0
0,70,0
0,110,1
0,82,0
0,93,0
0,83,0
0,23,0
0,67,1
0,70,1
0,26,0
0,93,0
0,0,0
0,60,0
0,0,0
0,16,0
0,11,0
0,64,0
0,7,1
0,93,0
0,21,1
0,70,0
0,133,0
0,64,0
0,22,0
0,6,0
0,64,0
0,11,0
0,60,0
0,93,1
0,22,0
0,0,0
0,30,0
0,93,1
0,66,0
0,16,1
0,22,1
0,11,0
0,14,0
0,12,0
0,40,0
0,5,0
0,132,1
0,53,0
0,131,0
0,0,0
0,14,0
0,124,0
0,42,0
0,117,1
0,69,0
0,124,1
0,131,1
0,125,0
0,40,0
0,4,0
0,42,0
0,93,0
0,60,0
0,70,0
0,11,0
0,4,0
0,16,0
0,129,0
0,0,0
0,14,0
0,43,0
0,3,1
0,93,1
0,128,1
0,15,0
0,13,0
0,126,0
0,49,1
0,4,0
0,16,1
0,0,0
0,11,0
0,93,0
0,28,0
0,125,1
0,0,0
0,64,0
0,42,0
0,100,1
0,42,0
0,117,0
0,93,1
0,6,0
0,121,0
0,8,0
0,119,0
0,51,1
0,4,0
0,6,0
0,6,0
0,51,0
0,0,1
0,23,0
0,7,1
0,70,0
0,64,0
0,63,0
0,53,1
0,64,0
0,9,1
0,69,1
0,0,0
0,16,1
0,6,0
0,11,0
0,117,0
0,17,1
0,66,0
0,11,0
0,22,0
0,24,1
0,28,1
0,51,0
0,49,1
0,30,1
0,67,1
0,51,1
0,93,0
0,6,0
0,61,0
0,51,0
0,31,1
0,69,0
0,25,1
0,13,0
0,40,1
0,50,0
0,14,0
0,116,1
0,82,0
0,11,0
0,3,1
0,95,0
0,9,1
0,82,0
0,12,0
0,60,0
0,22,0
0,114,0
0,16,0
0,11,0
0,2,1
0,7,1
0,13,0
0,32,1
0,7,0
0,13,0
0,31,0
0,82,0
0,6,1
0,31,0
0,11,0
0,7,1
0,69,0
0,69,0
0,70,0
0,40,1
0,11,0
0,72,0
0,69,0
0,97,0
0,26,0
0,53,0
0,26,0
0,29,1
0,52,0
0,12,1
0,31,1
0,28,1
0,49,1
0,42,1
0,23,1
0,104,0
0,92,0
0,97,0
0,69,0
0,12,1
0,0,0
0,7,1
0,14,0
0,27,1
0,66,0
0,4,0
0,69,0
0,12,0
0,2,0
0,66,0
0,51,0
0,11,0
0,12,0
0,102,1
0,31,0
0,44,0
0,97,1
0,15,0
0,53,0
0,43,1
0,22,0
0,90,0
0,4,0
0,40,0
0,53,0
0,4,0
0,30,1
0,2,0
0,13,0
0,92,0
0,22,0
0,95,0
0,16,0
0,16,0
0,16,0
0,49,1
0,23,0
0,23,0
0,14,1
0,70,1
0,14,0
0,23,1
0,6,1
0,19,0
0,82,1
0,42,0
0,91,1
0,6,1
0,9,1
0,23,0
0,66,1
0,47,0
0,16,0
0,2,0
0,76,0
0,3,0
0,26,1
0,19,0
0,51,1
0,63,0
0,75,1
0,3,0
0,38,1
0,7,0
0,67,0
0,2,0
0,51,1
0,6,0
0,57,1
0,12,1
0,56,1
0,40,0
0,12,1
0,13,0
0,6,0
0,6,0
0,49,1
0,40,0
0,47,0
0,13,0
0,40,0
0,13,0
0,42,0
0,22,0
0,14,1
0,15,0
0,35,1
0,26,0
0,15,0
0,5,0
0,19,0
0,14,1
0,10,0
0,13,0
0,9,1
0,9,1
0,2,0
0,0,0
1,69,1
1,14,1
1,14,0
1,14,0
1,60,0
1,60,0
1,60,1
1,23,0
1,23,1
1,16,0
1,16,0
1,16,0
1,16,0
1,16,0
1,16,0
1,16,0
1,16,0
1,16,0
1,16,0
1,16,1
1,7,1
1,1,0
1,1,0
1,1,0
1,1,0
1,1,0
1,1,0
1,1,0
1,1,0
1,1,0
1,1,0
1,1,0
1,1,1
2,73,0
2,31,0
2,42,1
2,1,0
2,12,0
2,1,0
2,13,1
2,154,1
2,100,0
2,12,0
2,28,0
2,89,0
2,13,0
2,53,1
2,11,1
2,12,0
2,152,0
2,69,1
2,2,0
2,1,1
2,27,1
2,1,1
2,22,0
2,22,0
2,5,0
2,16,0
2,69,0
2,16,0
2,75,0
2,14,0
2,22,1
2,42,0
2,51,0
2,72,1
2,108,1
2,15,1
2,64,1
2,139,1
2,22,0
2,59,1
2,22,0
2,28,0
2,16,1
2,22,1
2,5,0
2,12,0
2,2,0
2,139,1
2,3,1
2,1,1
2,1,1
2,60,0
2,63,1
2,60,0
2,163,1
2,1,0
2,63,0
2,23,0
2,97,1
2,5,0
2,125,1
2,31,1
2,66,0
2,66,1
2,23,1
2,24,0
2,66,0
2,66,1
2,66,0
2,66,1
2,51,0
2,4,0
2,63,1
2,5,1
2,53,1
2,53,0
2,3,0
2,22,0
2,69,0
2,59,1
2,77,0
2,23,0
2,2,0
2,23,0
2,2,0
2,16,0
2,16,1
2,22,1
2,7,0
2,11,0
2,16,0
2,12,1
2,85,1
2,23,0
2,4,1
2,98,0
2,129,1
2,1,1
2,63,1
2,2,1
2,22,0
2,1,0
2,7,0
2,155,0
2,6,0
2,63,1
2,144,0
2,144,0
2,7,0
2,175,0
2,6,1
2,2,0
2,2,0
2,98,0
2,76,1
2,144,0
2,23,1
2,75,0
2,80,1
2,66,0
2,53,1
2,0,0
2,118,1
2,12,0
2,21,1
2,116,0
2,14,0
2,1,1
2,105,1
2,12,0
2,0,0
2,23,0
2,40,1
2,95,0
2,6,0
2,14,1
2,12,0
2,31,0
2,95,0
2,97,1
2,69,0
2,61,1
2,7,1
2,51,0
2,155,0
2,75,1
2,112,1
2,31,0
2,12,0
2,144,0
2,51,0
2,144,0
2,144,1
2,22,1
2,4,1
2,70,0
2,31,1
2,155,0
2,15,1
2,64,1
2,6,0
2,70,0
2,22,0
2,118,1
2,11,0
2,70,1
2,119,0
2,11,0
2,82,1
2,64,0
2,22,0
2,43,1
2,69,0
2,12,0
2,64,1
2,155,0
2,82,0
2,97,0
2,155,0
2,123,1
2,70,0
2,40,1
2,82,0
2,1,0
2,22,0
2,70,1
2,22,0
2,26,0
2,2,0
2,11,0
2,23,0
2,85,1
2,23,0
2,63,1
2,51,0
2,11,0
2,53,0
2,11,0
2,23,1
2,161,1
2,22,0
2,85,1
2,60,1
2,14,1
2,66,1
2,70,0
2,12,0
2,1,0
2,23,0
2,97,0
2,95,0
2,12,1
2,133,1
2,11,0
2,98,1
2,75,0
2,98,0
2,63,0
2,37,0
2,11,0
2,5,0
2,74,1
2,0,0
2,161,0
2,49,0
2,31,0
2,3,1
2,66,1
2,88,0
2,37,0
2,4,1
2,64,1
2,22,0
2,23,0
2,51,0
2,0,0
2,69,0
2,69,1
2,70,0
2,56,1
2,15,0
2,51,0
2,11,0
2,0,1
2,42,0
2,134,0
2,12,0
2,34,0
2,53,0
2,12,0
2,5,1
2,82,1
2,5,0
2,51,0
2,31,0
2,64,1
2,23,0
2,51,1
2,15,0
2,31,0
2,51,0
2,69,0
2,4,0
2,70,1
2,128,0
2,12,0
2,12,0
2,33,0
2,34,0
2,128,0
2,12,0
2,31,0
2,105,0
2,15,0
2,69,0
2,23,0
2,103,1
2,82,0
2,30,0
2,70,0
2,30,0
2,63,0
2,9,1
2,5,0
2,11,1
2,82,0
2,24,0
2,15,0
2,98,0
2,34,0
2,15,0
2,2,0
2,28,0
2,30,0
2,5,0
2,11,0
2,14,1
2,129,0
2,55,0
2,30,0
2,158,0
2,22,0
2,30,0
2,70,1
2,4,0
2,103,0
2,108,0
2,28,0
2,100,0
2,96,1
2,28,0
2,55,0
2,117,1
2,69,1
2,16,1
2,42,0
2,98,0
2,34,0
2,81,0
2,82,0
2,15,0
2,2,0
2,42,0
2,81,0
2,40,1
2,2,0
2,49,1
2,81,1
2,7,0
2,53,0
2,1,1
2,51,0
2,3,1
2,2,1
2,97,1
2,138,0
2,11,0
2,23,0
2,53,0
2,138,1
2,5,1
2,6,1
2,23,0
2,75,0
2,15,0
2,16,1
2,28,0
2,59,0
2,83,1
2,51,0
2,95,0
2,22,0
2,16,1
2,93,0
2,31,0
2,7,1
2,93,1
2,66,0
2,31,0
2,47,0
2,31,0
2,69,1
2,7,0
2,75,0
2,31,0
2,63,1
2,22,0
2,11,0
2,50,0
2,21,0
2,22,0
2,65,1
2,22,0
2,3,0
2,31,1
2,171,1
2,8,1
2,34,0
2,30,0
2,4,1
2,66,0
2,1,0
2,23,0
2,15,1
2,12,0
2,93,0
2,11,1
2,22,0
2,3,1
2,22,0
2,22,0
2,93,0
2,98,1
2,16,1
2,2,0
2,138,1
2,6,0
2,31,0
2,34,0
2,22,0
2,42,1
2,82,0
2,21,1
2,66,0
2,34,0
2,0,0
2,22,0
2,22,0
2,42,0
2,12,0
2,66,0
2,66,0
2,65,1
2,0,0
2,12,1
2,31,0
2,0,0
2,47,0
2,22,0
2,118,0
2,114,1
2,11,0
2,157,0
2,11,0
2,97,1
2,12,0
2,5,1
2,12,0
2,65,1
2,66,0
2,12,1
2,16,1
2,11,0
2,114,1
2,70,0
2,53,1
2,16,0
2,51,0
2,87,1
2,138,1
2,4,1
2,80,1
2,65,0
2,12,1
2,54,0
2,85,1
2,42,0
2,23,0
2,52,0
2,108,1
2,114,1
2,16,0
2,12,1
2,70,0
2,114,0
2,93,0
2,14,1
2,42,0
2,62,1
2,110,1
2,65,0
2,51,1
2,16,0
2,30,1
2,16,0
2,51,0
2,42,0
2,103,1
2,22,0
2,66,0
2,125,0
2,7,0
2,51,1
2,65,0
2,69,1
2,51,0
2,16,0
2,51,0
2,51,0
2,103,1
2,0,1
2,87,1
2,125,0
2,66,1
2,74,0
2,0,0
2,7,1
2,123,1
2,110,1
2,42,0
2,145,0
2,125,1
2,23,0
2,17,0
2,125,0
2,114,1
2,51,0
2,51,1
2,6,0
2,51,0
2,102,1
2,41,1
2,41,0
2,52,1
2,16,0
2,93,0
2,82,0
2,114,1
2,123,1
2,119,0
2,125,1
2,110,1
2,16,0
2,51,0
2,12,0
2,125,1
2,1,1
2,51,0
2,156,0
2,5,0
2,156,0
2,23,0
2,156,0
2,51,0
2,67,0
2,65,0
2,51,0
2,156,1
2,123,0
2,16,0
2,9,1
2,156,0
2,110,0
2,23,0
2,0,0
2,51,0
2,110,1
2,156,1
2,70,0
2,0,0
2,16,1
2,0,0
2,60,0
2,66,1
2,23,0
2,156,0
2,156,1
2,65,0
2,42,0
2,51,0
2,89,0
2,60,1
2,66,1
2,0,0
2,89,0
2,22,0
2,22,0
2,0,0
2,51,1
2,1,0
2,148,0
2,42,0
2,70,1
2,60,0
2,156,1
2,12,0
2,97,0
2,51,0
2,42,0
2,156,0
2,156,0
2,89,0
2,4,1
2,87,0
2,60,0
2,8,0
2,16,0
2,114,0
2,148,1
2,0,1
2,60,0
2,156,1
2,60,0
2,103,0
2,12,0
2,103,0
2,117,0
2,66,0
2,16,1
2,156,1
2,103,0
2,51,0
2,117,0
2,14,0
2,7,0
2,23,1
2,103,0
2,66,0
2,16,1
2,89,0
2,3,0
2,125,1
2,5,0
2,60,0
2,156,0
2,7,0
2,107,1
2,7,0
2,24,0
2,5,0
2,7,1
2,60,0
2,143,0
2,23,0
2,126,0
2,0,0
2,156,0
2,24,1
2,34,1
2,12,0
2,123,1
2,26,0
2,66,0
2,1,0
2,114,0
2,60,0
2,9,1
2,3,1
2,60,0
2,15,1
2,69,1
2,0,0
2,156,1
2,11,1
2,106,0
2,143,0
2,42,0
2,53,0
2,66,0
2,66,0
2,0,1
2,89,0
2,156,0
2,8,0
2,24,1
2,135,0
2,143,1
2,28,1
2,42,0
2,89,0
2,126,1
2,89,0
2,89,0
2,66,0
2,89,0
2,89,0
2,125,0
2,103,0
2,31,0
2,31,1
2,89,0
2,16,0
2,66,0
2,51,0
2,143,1
2,51,1
2,66,0
2,28,1
2,103,0
2,66,0
2,103,1
2,135,1
2,143,1
2,126,0
2,7,1
2,5,0
2,26,1
2,9,0
2,0,1
2,89,1
2,143,0
2,89,0
2,1,1
2,66,0
2,0,0
2,66,0
2,126,0
2,143,0
2,5,0
2,7,0
2,0,1
2,62,0
2,143,0
2,143,0
2,145,1
2,51,1
2,7,1
2,63,0
2,5,0
2,42,0
2,145,1
2,145,0
2,12,1
2,15,0
2,66,0
2,51,0
2,89,0
2,5,0
2,35,1
2,42,0
2,80,1
2,6,1
2,160,0
2,75,1
2,169,0
2,0,0
2,143,0
2,11,0
2,143,0
2,66,0
2,145,0
2,89,0
2,22,0
2,66,1
2,51,0
2,0,0
2,89,0
2,35,0
2,66,0
2,0,0
2,0,0
2,160,0
2,23,1
2,160,1
2,4,0
2,60,0
2,66,0
2,16,1
2,66,0
2,89,0
2,35,1
2,11,0
2,0,0
2,53,0
2,24,0
2,66,0
2,66,0
2,0,0
2,51,0
2,24,0
2,143,1
2,143,0
2,15,0
2,19,0
2,6,1
2,0,0
2,0,0
2,169,0
2,7,1
2,0,1
2,19,1
2,14,0
2,60,0
2,66,0
2,89,1
2,69,0
2,11,0
2,69,0
2,89,1
2,66,0
2,7,0
2,42,0
2,22,1
2,7,0
2,147,0
2,15,0
2,24,0
2,69,0
2,63,1
2,65,0
2,15,1
2,8,1
2,66,0
2,66,0
2,12,0
2,147,0
2,59,1
2,51,1
2,70,1
2,66,0
2,89,0
2,125,0
2,89,1
2,89,1
2,143,0
2,7,1
2,7,0
2,51,0
2,143,1
2,42,0
2,126,0
2,69,1
2,7,0
2,156,1
2,61,1
2,89,0
2,42,0
2,7,0
2,66,0
2,12,0
2,69,1
2,126,0
2,7,0
2,51,0
2,19,1
2,16,0
2,88,0
2,9,0
2,102,0
2,42,0
2,70,0
2,7,0
2,169,0
2,89,0
2,89,0
2,16,0
2,42,0
2,89,0
2,22,0
2,66,0
2,89,0
2,97,1
2,22,0
2,75,1
2,89,1
2,42,1
2,69,1
2,9,0
2,1,1
2,63,0
2,9,0
2,125,0
2,75,1
2,0,0
2,7,0
2,89,0
2,9,0
2,2,0
2,5,0
2,42,1
2,26,0
2,66,0
2,15,0
2,4,1
2,12,1
2,7,0
2,4,0
2,60,0
2,66,0
2,25,0
2,1,0
2,11,0
2,89,0
2,0,0
2,147,1
2,12,0
2,7,0
2,11,0
2,4,0
2,1,0
2,63,1
2,36,0
2,144,1
2,63,0
2,11,0
2,9,1
2,23,0
2,143,0
2,62,0
2,1,0
2,151,1
2,11,0
2,89,0
2,150,0
2,156,1
2,163,0
2,167,0
2,25,0
2,69,1
2,41,1
2,5,0
2,58,0
2,128,0
2,89,0
2,0,0
2,89,0
2,66,0
2,128,0
2,9,0
2,12,0
2,97,0
2,22,0
2,11,0
2,66,0
2,0,0
2,155,0
2,65,0
2,11,0
2,11,0
2,147,0
2,6,0
2,0,0
2,35,1
2,89,0
2,22,1
2,11,1
2,69,1
2,60,0
2,69,0
2,97,0
2,87,1
2,28,0
2,66,0
2,60,0
2,31,1
2,60,0
2,12,1
2,150,1
2,1,1
2,1,0
2,7,0
2,89,0
2,13,0
2,11,1
2,160,1
2,89,0
2,9,1
2,7,1
2,143,1
2,0,0
2,160,1
2,89,0
2,69,1
2,150,1
2,143,0
2,20,1
2,5,1
2,126,1
2,155,0
2,0,1
2,20,1
2,22,1
2,167,1
2,9,0
2,88,1
2,12,0
2,51,1
2,60,0
2,139,0
2,97,0
2,89,0
2,4,0
2,60,0
2,23,1
2,51,0
2,6,1
2,154,1
2,31,1
2,12,0
2,37,0
2,139,0
2,72,0
2,66,0
2,72,0
2,4,1
2,72,0
2,150,1
2,14,0
2,3,1
2,150,1
2,82,0
2,62,0
2,115,1
2,70,0
2,69,1
2,44,1
2,52,0
2,160,0
2,70,0
2,139,0
2,160,0
2,5,0
2,70,1
2,7,1
2,160,0
2,4,0
2,13,0
2,35,0
2,150,1
2,13,0
2,35,0
2,69,1
2,51,0
2,139,1
2,5,1
2,160,1
2,108,0
2,139,0
2,24,1
2,3,1
2,41,1
2,51,0
2,63,0
2,75,1
2,12,0
2,69,1
2,22,1
2,100,1
2,12,0
2,138,0
2,0,1
2,139,0
2,22,0
2,15,1
2,15,1
2,35,0
2,160,0
2,69,1
2,5,1
2,139,1
2,150,1
2,22,0
2,12,0
2,66,0
2,35,0
2,12,0
2,82,1
2,12,0
2,12,1
2,97,0
2,3,1
2,12,0
2,12,0
2,23,0
2,64,0
2,35,0
2,22,0
2,51,0
2,12,0
2,96,1
2,35,1
2,35,0
2,70,1
2,70,0
2,126,1
2,78,0
2,23,0
2,70,1
2,22,0
2,65,1
2,25,0
2,17,0
2,51,0
2,17,0
2,17,1
2,46,1
2,51,0
2,82,1
2,66,0
2,116,0
2,70,1
2,164,0
2,51,0
2,88,0
2,68,1
2,116,1
2,116,1
2,119,1
2,143,0
2,88,1
2,164,0
2,116,1
2,72,1
2,116,0
2,143,0
2,88,1
2,68,1
2,69,0
2,68,1
2,34,0
2,68,0
2,23,0
2,8,1
2,68,0
2,66,0
2,0,0
2,0,0
2,12,0
2,51,1
2,146,1
2,36,0
2,45,1
2,37,1
2,7,0
2,66,0
2,161,1
2,66,0
2,114,1
2,1,0
2,82,1
2,160,0
2,82,1
2,82,1
2,35,0
2,66,0
2,4,1
2,1,0
2,7,1
2,78,1
2,7,0
2,53,0
2,63,1
2,69,1
2,66,0
2,123,1
2,126,0
2,22,0
2,5,1
2,159,0
2,24,1
2,70,0
2,60,1
2,101,0
2,64,0
2,53,1
2,70,0
2,103,0
2,7,0
2,8,0
2,23,0
2,7,0
2,69,1
2,8,1
2,8,0
2,12,0
2,36,1
2,5,0
2,51,0
2,102,1
2,70,1
2,15,1
2,12,0
2,89,1
2,42,0
2,119,1
2,70,0
2,3,0
2,7,1
2,63,1
2,14,0
2,66,1
2,60,1
2,12,0
2,70,0
2,31,0
2,66,0
2,12,0
2,95,0
2,66,0
2,42,0
2,135,1
2,2,0
2,42,0
2,66,0
2,1,0
2,34,0
2,1,0
2,0,0
2,70,1
2,81,0
2,42,0
2,1,0
2,66,1
2,1,0
2,10,0
2,0,0
2,69,0
2,0,0
2,10,0
2,42,1
2,12,0
2,12,1
2,119,0
2,1,1
2,26,0
2,15,0
2,66,0
2,106,0
2,69,0
2,51,0
2,143,0
2,89,1
2,51,1
2,5,1
2,1,0
2,5,1
2,7,0
2,124,0
2,29,1
2,51,0
2,119,0
2,29,1
2,1,0
2,84,0
2,3,0
2,13,0
2,70,0
2,69,1
2,6,1
2,0,0
2,59,1
2,0,1
2,63,1
2,5,0
2,0,0
2,66,0
2,16,1
2,66,0
2,12,0
2,5,1
2,2,0
2,66,0
2,141,0
2,151,1
2,38,1
2,7,1
2,23,0
2,4,1
2,31,0
2,3,0
2,39,0
2,4,0
2,4,1
2,58,1
2,57,1
2,13,0
2,13,0
2,28,1
2,69,0
2,11,0
2,12,0
2,70,1
2,85,1
2,2,1
2,66,0
2,29,0
2,66,1
2,147,0
2,12,1
2,16,0
2,128,1
2,2,0
2,26,1
2,148,0
2,66,0
2,128,1
2,1,1
2,66,1
2,2,0
2,6,0
2,118,0
2,147,0
2,119,0
2,4,0
2,45,0
2,34,0
2,49,1
2,0,0
2,4,0
2,49,0
2,145,0
2,2,1
2,10,1
2,51,0
2,110,0
2,66,0
2,10,0
2,42,0
2,5,1
2,126,1
2,118,0
2,12,1
2,29,1
2,70,1
2,42,0
2,65,1
2,26,1
2,93,0
2,29,0
2,70,1
2,45,1
2,24,0
2,29,1
2,125,1
2,65,0
2,5,0
2,51,0
2,5,0
2,11,1
2,22,0
2,70,0
2,50,1
2,49,0
2,31,1
2,69,0
2,31,1
2,5,0
2,65,1
2,53,0
2,12,1
2,44,0
2,67,0
2,69,1
2,48,0
2,118,0
2,25,0
2,51,0
2,90,0
2,0,1
2,90,0
2,15,1
2,119,0
2,66,1
2,4,0
2,16,0
2,66,1
2,111,0
2,93,0
2,0,1
2,23,0
2,42,0
2,93,0
2,118,0
2,1,1
2,42,0
2,20,0
2,0,0
2,67,0
2,118,0
2,93,0
2,12,0
2,120,0
2,120,0
2,38,1
2,34,0
2,120,0
2,42,1
2,93,0
2,32,1
2,34,0
2,69,0
2,23,1
2,120,0
2,93,0
2,67,0
2,85,1
2,66,0
2,29,1
2,120,0
2,53,0
2,49,1
2,93,0
2,42,0
2,119,0
2,138,1
2,42,0
2,83,0
2,82,0
2,59,1
2,19,1
2,82,1
2,119,0
2,70,1
2,114,0
2,70,0
2,66,0
2,26,0
2,66,0
2,42,1
2,66,0
2,106,1
2,66,0
2,135,0
2,11,0
2,14,0
2,69,1
2,9,0
2,93,0
2,0,0
2,14,1
2,42,0
2,66,0
2,64,0
2,70,1
2,9,1
2,42,0
2,69,1
2,97,0
2,97,0
2,66,1
2,6,0
2,23,0
2,29,1
2,131,0
2,12,0
2,133,0
2,93,1
2,131,0
2,66,0
2,133,1
2,93,0
2,42,0
2,64,0
2,66,0
2,34,0
2,40,0
2,66,0
2,2,0
2,34,0
2,93,0
2,30,1
2,5,1
2,2,0
2,7,1
2,70,0
2,69,0
2,22,1
2,124,1
2,32,0
2,130,1
2,125,0
2,4,0
2,11,0
2,0,0
2,121,0
2,6,0
2,66,1
2,0,0
2,11,0
2,45,1
2,47,1
2,112,0
2,93,0
2,112,1
2,11,0
2,13,1
2,22,1
2,70,0
2,28,1
2,11,0
2,64,0
2,93,0
2,11,0
2,51,0
2,42,0
2,31,0
2,11,0
2,51,0
2,70,0
2,0,0
2,42,0
2,0,0
2,4,1
2,122,1
2,34,0
2,66,0
2,7,0
2,14,0
2,4,1
2,9,1
2,0,0
2,13,0
2,93,0
2,6,0
2,0,1
2,29,0
2,66,1
2,28,0
2,6,0
2,63,0
2,7,0
2,117,0
2,51,0
2,31,0
2,31,1
2,28,1
2,12,0
2,11,0
2,6,1
2,11,1
2,23,1
2,114,0
2,50,0
2,66,1
2,22,0
2,11,0
2,51,0
2,22,0
2,0,0
2,70,1
2,7,1
2,3,0
2,7,0
2,13,0
2,0,0
2,93,0
2,61,1
2,28,0
2,93,0
2,51,1
2,69,1
2,118,0
2,42,0
2,35,1
2,0,1
2,32,0
2,1,0
2,23,0
2,11,1
2,15,0
2,2,0
2,28,1
2,70,0
2,53,1
2,82,0
2,11,0
2,69,1
2,82,0
2,31,0
2,1,1
2,12,0
2,15,1
2,113,1
2,11,0
2,80,1
2,15,1
2,24,1
2,70,0
2,5,0
2,69,0
2,70,1
2,16,0
2,108,0
2,97,0
2,4,0
2,42,0
2,69,0
2,42,0
2,42,0
2,97,0
2,23,0
2,16,0
2,3,1
2,87,0
2,42,1
2,63,1
2,49,1
2,31,1
2,105,0
2,12,0
2,12,0
2,75,1
2,105,1
2,66,0
2,69,0
2,49,1
2,104,1
2,27,0
2,4,0
2,42,1
2,23,0
2,69,0
2,12,0
2,14,0
2,23,0
2,43,0
2,66,0
2,5,0
2,43,0
2,66,0
2,92,0
2,64,0
2,53,0
2,12,1
2,70,1
2,101,0
2,53,1
2,5,0
2,5,0
2,59,1
2,40,0
2,73,1
2,22,0
2,22,1
2,4,0
2,53,1
2,95,0
2,2,0
2,6,1
2,13,0
2,95,0
2,6,0
2,14,0
2,16,0
2,16,0
2,92,0
2,66,0
2,14,0
2,23,0
2,95,0
2,14,0
2,23,0
2,14,0
2,41,1
2,51,0
2,70,0
2,51,0
2,36,0
2,51,0
2,13,1
2,72,1
2,14,0
2,47,0
2,14,0
2,14,1
2,2,0
2,23,0
2,36,1
2,2,0
2,85,1
2,4,0
2,83,1
2,79,0
2,0,1
2,25,1
2,76,1
2,23,0
2,16,1
2,19,0
2,8,1
2,63,0
2,19,0
2,63,0
2,0,1
2,73,1
2,67,0
2,60,0
2,60,0
2,59,1
2,60,0
2,45,0
2,15,1
2,40,0
2,60,1
2,40,0
2,12,0
2,51,0
2,40,0
2,23,0
2,53,1
2,12,0
2,11,0
2,36,1
2,6,0
2,40,0
2,47,1
2,6,1
2,45,1
2,6,1
2,16,0
2,34,0
2,34,0
2,32,0
2,16,1
2,11,1
2,10,0
2,15,1
2,12,0
2,6,0
2,11,0
2,6,0
2,8,0
2,5,0
2,7,1
2,2,0
3,28,1
3,97,1
3,80,1
3,23,1
3,22,1
3,6,0
3,12,0
3,73,0
3,13,0
3,22,0
3,13,0
3,152,0
3,2,0
3,6,0
3,31,1
3,73,1
3,100,0
3,23,1
3,22,0
3,13,1
3,11,0
3,69,0
3,152,1
3,13,0
3,16,0
3,22,1
3,64,0
3,23,1
3,5,0
3,22,0
3,61,1
3,64,0
3,59,1
3,16,1
3,75,0
3,28,0
3,177,1
3,75,1
3,28,0
3,5,0
3,5,1
3,60,0
3,16,1
3,11,0
3,15,1
3,60,0
3,64,0
3,47,0
3,51,1
3,66,1
3,51,0
3,161,1
3,22,0
3,7,1
3,7,0
3,51,1
3,3,0
3,22,1
3,7,1
3,1,0
3,69,1
3,1,0
3,63,0
3,75,1
3,63,0
3,69,1
3,141,0
3,11,0
3,23,0
3,1,1
3,95,0
3,5,1
3,60,0
3,66,0
3,24,0
3,66,0
3,11,1
3,51,0
3,12,0
3,53,0
3,24,0
3,51,1
3,11,0
3,53,1
3,9,0
3,3,0
3,0,0
3,0,0
3,42,1
3,77,0
3,2,0
3,2,0
3,9,0
3,22,0
3,16,0
3,11,0
3,144,0
3,98,1
3,31,1
3,98,1
3,16,0
3,105,1
3,16,1
3,85,0
3,7,0
3,4,0
3,23,0
3,1,0
3,75,1
3,75,0
3,27,1
3,11,0
3,43,1
3,12,0
3,167,1
3,47,0
3,76,0
3,24,1
3,97,1
3,6,1
3,11,0
3,12,0
3,144,0
3,83,0
3,98,0
3,70,1
3,76,1
3,108,0
3,2,0
3,0,0
3,108,1
3,11,1
3,53,1
3,0,0
3,31,0
3,1,0
3,82,1
3,22,0
3,13,0
3,144,0
3,12,1
3,22,0
3,169,1
3,13,0
3,98,1
3,132,1
3,23,0
3,69,0
3,31,0
3,11,1
3,144,0
3,6,0
3,22,0
3,12,1
3,61,1
3,74,0
3,16,1
3,51,1
3,31,0
3,11,0
3,11,0
3,60,0
3,140,1
3,42,0
3,11,0
3,60,1
3,11,1
3,0,1
3,95,0
3,2,0
3,6,1
3,66,0
3,72,0
3,51,0
3,66,0
3,97,1
3,123,1
3,75,0
3,31,1
3,0,0
3,97,1
3,26,1
3,95,0
3,5,0
3,31,1
3,100,0
3,22,0
3,31,1
3,75,1
3,24,0
3,23,1
3,108,1
3,75,1
3,95,0
3,51,0
3,0,1
3,97,0
3,95,1
3,110,1
3,1,1
3,97,0
3,11,1
3,82,0
3,11,0
3,97,0
3,31,0
3,31,0
3,13,0
3,9,1
3,77,0
3,95,0
3,134,0
3,23,0
3,3,0
3,23,0
3,4,1
3,37,0
3,82,0
3,4,0
3,72,1
3,5,0
3,12,0
3,49,0
3,23,1
3,12,1
3,5,0
3,1,0
3,5,0
3,119,0
3,70,1
3,53,1
3,63,1
3,3,1
3,16,0
3,22,1
3,100,1
3,95,0
3,88,0
3,51,0
3,69,0
3,23,0
3,60,0
3,42,1
3,79,0
3,31,0
3,51,0
3,69,0
3,119,0
3,22,0
3,37,1
3,5,1
3,119,0
3,37,1
3,12,0
3,11,1
3,5,1
3,98,1
3,88,1
3,15,0
3,85,0
3,65,1
3,34,0
3,85,0
3,30,0
3,41,1
3,31,1
3,1,1
3,85,1
3,24,1
3,31,0
3,98,1
3,22,0
3,14,0
3,30,0
3,23,0
3,128,0
3,31,0
3,28,1
3,22,1
3,31,0
3,15,1
3,82,0
3,1,1
3,66,0
3,31,1
3,4,0
3,69,1
3,147,0
3,53,1
3,11,0
3,118,0
3,31,1
3,53,0
3,53,0
3,108,0
3,15,0
3,30,0
3,66,0
3,23,0
3,0,1
3,15,0
3,118,1
3,31,1
3,16,1
3,30,0
3,34,0
3,66,0
3,28,0
3,1,1
3,4,0
3,69,1
3,6,1
3,0,1
3,35,0
3,42,0
3,82,1
3,0,1
3,66,0
3,70,0
3,145,1
3,2,1
3,31,1
3,70,0
3,15,0
3,50,0
3,2,0
3,1,1
3,42,0
3,69,1
3,165,0
3,15,0
3,63,0
3,12,1
3,15,0
3,2,0
3,0,0
3,94,1
3,0,0
3,156,1
3,163,0
3,117,1
3,163,0
3,69,0
3,22,1
3,16,1
3,98,0
3,23,1
3,51,0
3,9,0
3,69,1
3,16,1
3,157,0
3,5,0
3,97,1
3,70,0
3,12,0
3,105,0
3,12,0
3,53,1
3,12,0
3,105,0
3,157,1
3,70,0
3,105,0
3,11,0
3,152,0
3,1,0
3,82,1
3,70,1
3,75,1
3,23,0
3,1,0
3,93,0
3,69,1
3,70,1
3,22,0
3,15,1
3,27,1
3,23,1
3,15,0
3,28,0
3,15,1
3,69,0
3,15,1
3,22,0
3,13,1
3,49,0
3,49,1
3,67,0
3,15,0
3,11,0
3,75,1
3,15,0
3,14,0
3,93,0
3,22,0
3,22,0
3,37,1
3,93,0
3,13,0
3,93,0
3,24,0
3,89,0
3,22,0
3,14,0
3,21,0
3,34,0
3,31,1
3,23,0
3,24,1
3,22,1
3,7,1
3,34,0
3,12,0
3,93,0
3,53,0
3,93,0
3,93,0
3,47,1
3,61,0
3,69,1
3,30,1
3,93,0
3,22,0
3,82,0
3,6,0
3,22,0
3,164,1
3,12,0
3,152,1
3,1,1
3,0,1
3,0,0
3,42,0
3,0,0
3,16,0
3,0,0
3,12,0
3,66,0
3,6,1
3,31,0
3,114,0
3,114,0
3,12,0
3,23,0
3,5,0
3,157,0
3,70,0
3,42,0
3,97,0
3,7,0
3,16,0
3,7,0
3,12,1
3,37,0
3,66,0
3,51,1
3,70,1
3,12,0
3,65,0
3,93,0
3,2,0
3,66,1
3,30,0
3,1,0
3,65,0
3,123,1
3,114,0
3,103,0
3,52,1
3,65,1
3,114,0
3,14,0
3,110,1
3,2,0
3,152,1
3,14,0
3,54,1
3,24,1
3,9,1
3,145,0
3,143,1
3,42,1
3,40,1
3,6,1
3,110,1
3,11,0
3,66,0
3,114,0
3,16,1
3,123,1
3,51,0
3,3,0
3,103,0
3,16,0
3,3,0
3,16,1
3,135,0
3,103,0
3,114,1
3,114,0
3,4,0
3,174,1
3,23,0
3,5,0
3,5,0
3,51,1
3,82,0
3,110,0
3,51,0
3,7,1
3,114,0
3,16,0
3,6,0
3,103,1
3,7,0
3,51,0
3,51,1
3,65,1
3,87,1
3,85,1
3,114,0
3,51,0
3,51,1
3,16,0
3,103,1
3,66,1
3,69,1
3,16,0
3,37,1
3,16,0
3,51,0
3,2,0
3,125,1
3,11,1
3,66,0
3,156,1
3,103,0
3,16,0
3,125,1
3,66,1
3,156,0
3,156,1
3,64,0
3,67,0
3,123,0
3,156,0
3,89,0
3,6,1
3,103,0
3,156,1
3,66,0
3,156,0
3,60,0
3,123,1
3,0,1
3,42,0
3,145,1
3,89,0
3,66,0
3,156,0
3,70,0
3,60,0
3,64,0
3,65,0
3,123,1
3,42,0
3,36,1
3,156,0
3,60,0
3,22,0
3,42,0
3,51,1
3,15,1
3,42,0
3,5,0
3,66,0
3,64,1
3,156,1
3,110,1
3,7,0
3,167,0
3,31,1
3,60,0
3,156,1
3,156,1
3,42,1
3,97,1
3,85,1
3,126,1
3,7,0
3,143,1
3,69,0
3,12,1
3,51,1
3,51,0
3,22,1
3,89,1
3,156,1
3,51,0
3,60,0
3,143,1
3,89,0
3,27,1
3,110,0
3,7,1
3,66,0
3,143,1
3,66,0
3,5,0
3,0,0
3,66,1
3,69,0
3,7,1
3,101,0
3,7,0
3,66,0
3,51,0
3,143,1
3,60,1
3,126,0
3,8,0
3,89,0
3,145,1
3,156,1
3,69,0
3,12,1
3,0,0
3,6,0
3,110,1
3,156,0
3,51,0
3,51,0
3,51,0
3,66,0
3,22,1
3,66,0
3,2,1
3,114,1
3,51,0
3,0,0
3,143,0
3,42,0
3,89,0
3,66,0
3,31,1
3,60,0
3,89,1
3,125,0
3,89,0
3,8,0
3,8,0
3,143,1
3,103,1
3,143,0
3,62,0
3,23,1
3,1,1
3,16,1
3,8,1
3,66,0
3,12,1
3,0,1
3,89,0
3,16,1
3,69,1
3,143,0
3,51,0
3,16,1
3,42,0
3,51,0
3,42,0
3,143,0
3,51,0
3,12,1
3,31,0
3,42,0
3,89,0
3,143,1
3,88,0
3,35,0
3,3,1
3,51,0
3,89,1
3,42,0
3,0,0
3,7,1
3,25,1
3,15,1
3,64,0
3,1,1
3,66,0
3,89,0
3,7,0
3,64,1
3,89,0
3,89,0
3,169,0
3,64,1
3,66,1
3,66,1
3,88,0
3,61,1
3,5,1
3,126,0
3,5,1
3,143,0
3,82,1
3,31,1
3,0,0
3,126,1
3,6,1
3,126,1
3,125,0
3,66,0
3,65,1
3,0,1
3,70,1
3,66,0
3,69,0
3,15,0
3,11,0
3,65,0
3,66,0
3,7,1
3,160,1
3,0,0
3,9,1
3,9,1
3,143,1
3,0,0
3,1,0
3,22,0
3,0,0
3,51,0
3,42,1
3,35,0
3,65,1
3,81,0
3,4,0
3,89,0
3,66,0
3,49,1
3,66,0
3,66,0
3,89,0
3,66,1
3,60,0
3,70,0
3,7,0
3,53,1
3,83,0
3,143,0
3,14,1
3,66,0
3,28,1
3,0,1
3,60,1
3,169,0
3,125,1
3,53,1
3,53,0
3,65,0
3,11,0
3,51,0
3,104,1
3,9,1
3,89,0
3,126,1
3,0,0
3,89,1
3,7,1
3,4,0
3,128,1
3,42,0
3,7,0
3,83,0
3,143,0
3,4,1
3,59,1
3,66,0
3,66,0
3,88,0
3,7,0
3,11,0
3,60,0
3,7,0
3,7,0
3,99,1
3,0,0
3,0,0
3,89,0
3,75,1
3,24,1
3,169,0
3,12,0
3,83,0
3,97,0
3,126,0
3,49,1
3,3,0
3,51,0
3,5,0
3,5,0
3,62,0
3,89,0
3,16,0
3,75,1
3,3,1
3,20,1
3,42,0
3,60,1
3,25,0
3,97,1
3,4,0
3,9,1
3,9,0
3,88,0
3,63,0
3,66,0
3,16,0
3,66,0
3,167,0
3,89,0
3,11,0
3,20,0
3,51,1
3,60,0
3,66,0
3,70,1
3,9,0
3,81,1
3,70,0
3,5,0
3,81,1
3,167,0
3,16,0
3,9,1
3,66,1
3,22,0
3,5,0
3,81,0
3,66,0
3,36,1
3,89,0
3,66,0
3,42,0
3,150,0
3,58,0
3,0,0
3,6,0
3,125,1
3,150,0
3,0,1
3,60,0
3,125,1
3,37,0
3,53,1
3,129,1
3,126,0
3,89,0
3,66,1
3,5,0
3,65,0
3,0,0
3,89,0
3,1,0
3,126,0
3,9,0
3,6,0
3,12,0
3,128,1
3,1,0
3,89,0
3,89,0
3,51,1
3,62,0
3,12,0
3,11,0
3,70,1
3,147,1
3,22,1
3,82,0
3,160,1
3,89,0
3,150,0
3,126,1
3,4,0
3,66,1
3,82,0
3,60,0
3,66,0
3,4,0
3,66,0
3,13,1
3,89,0
3,0,1
3,12,0
3,60,0
3,23,0
3,12,0
3,62,0
3,160,1
3,37,0
3,160,0
3,89,0
3,3,1
3,1,0
3,37,0
3,12,1
3,137,1
3,13,0
3,60,0
3,62,0
3,42,1
3,20,1
3,12,0
3,12,0
3,51,0
3,0,0
3,12,0
3,66,0
3,126,0
3,20,1
3,66,1
3,53,0
3,5,1
3,37,1
3,53,1
3,108,0
3,118,1
3,12,0
3,66,0
3,108,0
3,48,1
3,5,0
3,69,0
3,0,0
3,69,0
3,44,0
3,5,1
3,64,1
3,13,0
3,23,0
3,160,1
3,139,0
3,160,1
3,23,0
3,40,0
3,7,1
3,139,0
3,66,1
3,12,0
3,12,0
3,150,1
3,16,1
3,69,1
3,11,1
3,22,0
3,31,1
3,160,0
3,11,1
3,160,1
3,60,0
3,88,1
3,12,0
3,12,0
3,13,0
3,22,0
3,13,0
3,82,1
3,150,0
3,104,0
3,62,0
3,45,0
3,12,0
3,35,1
3,108,0
3,13,0
3,126,0
3,22,0
3,42,0
3,70,0
3,145,1
3,12,0
3,126,1
3,65,1
3,42,0
3,70,0
3,12,1
3,23,0
3,116,1
3,0,0
3,42,0
3,69,0
3,42,0
3,42,0
3,66,0
3,19,1
3,70,1
3,3,1
3,116,0
3,49,1
3,42,0
3,66,0
3,82,1
3,66,0
3,12,0
3,66,0
3,116,0
3,12,0
3,116,0
3,161,0
3,97,0
3,163,0
3,66,0
3,12,1
3,119,0
3,97,0
3,68,0
3,64,1
3,143,1
3,84,1
3,23,0
3,68,0
3,161,1
3,68,0
3,66,1
3,62,1
3,96,1
3,23,0
3,68,1
3,143,1
3,68,1
3,119,0
3,117,0
3,14,0
3,69,0
3,16,0
3,144,1
3,116,0
3,17,1
3,95,1
3,100,0
3,16,0
3,0,1
3,1,0
3,75,0
3,42,0
3,1,1
3,161,0
3,16,0
3,160,0
3,82,1
3,25,1
3,134,0
3,0,1
3,134,1
3,82,1
3,93,1
3,1,0
3,7,0
3,7,1
3,66,0
3,22,0
3,49,1
3,110,0
3,42,0
3,25,0
3,53,0
3,54,1
3,95,0
3,154,1
3,95,1
3,9,0
3,64,0
3,69,1
3,1,0
3,103,0
3,70,0
3,22,0
3,12,0
3,8,0
3,42,0
3,143,1
3,101,0
3,28,0
3,102,1
3,11,1
3,16,1
3,1,1
3,14,0
3,22,1
3,41,1
3,2,0
3,70,0
3,157,0
3,51,0
3,53,1
3,12,0
3,11,0
3,13,0
3,70,0
3,70,0
3,1,0
3,42,0
3,8,0
3,0,0
3,66,1
3,66,1
3,12,0
3,1,0
3,8,0
3,1,0
3,5,0
3,22,0
3,42,0
3,37,0
3,4,0
3,42,0
3,0,0
3,51,0
3,95,0
3,1,1
3,1,0
3,51,0
3,66,1
3,12,1
3,69,1
3,70,1
3,1,0
3,66,0
3,154,0
3,29,1
3,31,1
3,10,1
3,0,0
3,93,1
3,69,0
3,82,1
3,7,0
3,66,0
3,62,1
3,82,0
3,139,0
3,51,0
3,51,0
3,0,0
3,16,1
3,51,0
3,31,1
3,31,1
3,16,0
3,139,0
3,66,0
3,29,0
3,51,0
3,66,0
3,19,1
3,97,1
3,69,1
3,66,0
3,66,0
3,66,0
3,49,0
3,3,1
3,12,0
3,76,0
3,1,1
3,66,0
3,39,1
3,12,0
3,1,0
3,34,0
3,66,0
3,66,0
3,66,0
3,5,0
3,45,0
3,66,0
3,30,1
3,15,1
3,42,1
3,51,0
3,60,0
3,4,1
3,23,0
3,23,0
3,60,0
3,22,1
3,1,0
3,66,1
3,10,0
3,39,0
3,29,1
3,84,0
3,97,1
3,4,0
3,15,1
3,42,1
3,13,0
3,11,0
3,69,0
3,14,1
3,16,0
3,130,0
3,66,0
3,60,0
3,130,1
3,88,1
3,60,0
3,7,0
3,29,0
3,38,1
3,29,0
3,14,0
3,29,0
3,146,0
3,49,0
3,24,0
3,2,0
3,76,1
3,130,0
3,89,1
3,13,0
3,48,0
3,61,0
3,29,1
3,70,1
3,89,0
3,11,0
3,16,1
3,130,0
3,85,1
3,12,1
3,66,0
3,42,0
3,39,0
3,42,0
3,10,0
3,24,1
3,45,0
3,29,0
3,82,1
3,49,0
3,0,0
3,2,1
3,20,1
3,130,0
3,134,0
3,143,0
3,53,1
3,93,1
3,141,1
3,51,0
3,139,0
3,12,1
3,22,1
3,90,0
3,4,0
3,70,0
3,1,1
3,126,1
3,23,0
3,12,0
3,48,1
3,31,0
3,93,1
3,137,0
3,5,0
3,23,0
3,13,1
3,49,1
3,15,0
3,2,0
3,93,0
3,14,0
3,88,1
3,93,0
3,23,0
3,42,1
3,16,0
3,66,1
3,66,1
3,7,1
3,15,1
3,4,0
3,23,0
3,20,0
3,123,0
3,57,1
3,49,0
3,90,1
3,110,1
3,93,0
3,0,1
3,93,0
3,51,0
3,0,0
3,111,1
3,64,0
3,34,0
3,64,1
3,120,1
3,120,0
3,12,0
3,11,1
3,2,1
3,93,1
3,120,0
3,30,1
3,120,0
3,113,1
3,12,1
3,12,0
3,15,0
3,12,0
3,96,0
3,4,0
3,96,1
3,65,1
3,82,1
3,137,1
3,3,0
3,70,0
3,106,0
3,93,0
3,11,1
3,90,1
3,12,0
3,118,0
3,93,0
3,2,0
3,14,1
3,23,1
3,31,1
3,14,0
3,70,0
3,70,0
3,124,0
3,49,1
3,70,0
3,27,1
3,85,1
3,23,1
3,12,0
3,66,0
3,23,0
3,26,1
3,49,0
3,3,1
3,12,0
3,11,0
3,80,1
3,15,1
3,69,0
3,12,1
3,124,0
3,66,0
3,66,0
3,66,0
3,131,0
3,53,0
3,131,1
3,43,0
3,40,0
3,48,1
3,130,0
3,11,1
3,128,1
3,126,0
3,66,0
3,42,0
3,129,0
3,4,0
3,9,1
3,0,0
3,22,0
3,26,0
3,43,1
3,121,0
3,22,0
3,42,0
3,0,1
3,11,0
3,34,0
3,5,0
3,34,0
3,8,0
3,30,0
3,66,1
3,93,1
3,64,0
3,0,0
3,51,0
3,4,0
3,64,1
3,93,1
3,123,0
3,3,1
3,121,0
3,0,0
3,11,0
3,64,1
3,8,1
3,6,0
3,23,1
3,42,0
3,34,0
3,64,0
3,4,0
3,42,0
3,93,0
3,22,0
3,0,0
3,9,0
3,28,0
3,22,1
3,60,0
3,11,0
3,49,0
3,60,0
3,110,1
3,11,0
3,66,0
3,0,0
3,31,0
3,6,0
3,72,0
3,70,0
3,31,1
3,11,0
3,32,0
3,12,1
3,114,0
3,11,1
3,13,0
3,93,0
3,70,1
3,12,0
3,61,0
3,22,0
3,11,0
3,102,0
3,70,0
3,26,1
3,117,1
3,11,0
3,114,0
3,14,0
3,11,0
3,31,1
3,50,0
3,23,0
3,14,0
3,16,0
3,14,1
3,11,1
3,81,1
3,7,0
3,82,0
3,13,0
3,71,1
3,13,0
3,31,0
3,16,1
3,31,0
3,53,0
3,31,0
3,14,0
3,49,1
3,112,1
3,31,0
3,42,0
3,17,1
3,13,0
3,5,0
3,5,0
3,31,1
3,23,0
3,5,0
3,72,0
3,40,0
3,2,0
3,11,0
3,70,1
3,69,0
3,97,0
3,0,1
3,70,0
3,0,0
3,42,0
3,51,0
3,87,1
3,54,1
3,23,0
3,70,0
3,74,1
3,14,0
3,66,0
3,5,0
3,93,1
3,93,0
3,97,1
3,12,0
3,51,0
3,43,0
3,12,0
3,4,0
3,22,0
3,43,0
3,4,0
3,4,1
3,11,1
3,14,1
3,66,1
3,66,0
3,102,0
3,51,1
3,47,1
3,53,0
3,75,1
3,53,0
3,22,0
3,4,0
3,51,1
3,98,1
3,15,1
3,30,0
3,2,0
3,75,1
3,93,0
3,16,0
3,92,1
3,95,0
3,16,0
3,14,0
3,16,1
3,14,1
3,66,1
3,16,0
3,16,0
3,70,1
3,51,0
3,19,1
3,92,1
3,47,0
3,13,1
3,42,0
3,82,1
3,88,1
3,14,1
3,23,1
3,19,1
3,2,0
3,19,1
3,2,0
3,23,1
3,16,0
3,66,0
3,3,0
3,1,1
3,76,1
3,22,0
3,73,0
3,24,0
3,15,0
3,7,1
3,23,0
3,63,1
3,12,0
3,51,1
3,55,1
3,1,1
3,0,1
3,6,0
3,6,0
3,13,0
3,22,0
3,13,0
3,6,1
3,6,1
3,32,0
3,15,1
3,16,0
3,24,0
3,29,1
3,28,1
3,25,1
3,23,1
3,20,1
3,18,1
3,11,0
3,12,0
3,6,0
3,6,0
3,5,0
3,4,1
3,3,0
4,23,0
4,12,0
4,6,0
4,12,1
4,12,1
4,144,0
4,33,1
4,141,1
4,13,0
4,12,0
4,28,0
4,16,0
4,100,0
4,12,1
4,11,0
4,13,0
4,23,0
4,51,1
4,16,0
4,2,0
4,16,0
4,51,0
4,5,0
4,97,1
4,97,0
4,5,0
4,82,1
4,5,1
4,42,0
4,15,0
4,22,0
4,15,0
4,7,1
4,139,1
4,15,0
4,22,0
4,27,0
4,141,1
4,1,0
4,63,1
4,11,1
4,16,1
4,22,0
4,63,0
4,78,1
4,47,0
4,139,1
4,2,1
4,60,0
4,12,0
4,12,0
4,12,0
4,31,1
4,67,0
4,12,1
4,63,1
4,69,1
4,141,0
4,151,1
4,1,0
4,1,0
4,22,0
4,22,1
4,22,1
4,22,0
4,66,0
4,66,1
4,24,0
4,14,1
4,12,1
4,58,1
4,11,0
4,53,1
4,51,0
4,51,0
4,51,0
4,51,0
4,11,0
4,0,1
4,53,1
4,0,0
4,13,0
4,94,0
4,9,1
4,94,0
4,0,1
4,3,0
4,0,0
4,0,0
4,0,0
4,3,0
4,3,0
4,59,1
4,77,0
4,77,0
4,23,0
4,23,0
4,77,1
4,16,0
4,22,0
4,22,0
4,144,0
4,144,0
4,23,1
4,0,0
4,7,0
4,23,1
4,7,1
4,23,1
4,0,1
4,98,0
4,16,1
4,22,0
4,144,0
4,2,0
4,1,0
4,4,0
4,47,1
4,53,0
4,155,1
4,144,0
4,6,1
4,31,0
4,70,0
4,31,1
4,144,0
4,76,0
4,7,1
4,23,0
4,13,0
4,9,1
4,98,0
4,54,1
4,76,1
4,31,1
4,1,0
4,76,1
4,53,1
4,116,1
4,1,0
4,13,0
4,144,0
4,14,0
4,12,0
4,0,1
4,95,0
4,116,1
4,0,0
4,67,0
4,67,0
4,63,1
4,12,0
4,95,0
4,11,0
4,51,0
4,116,1
4,63,0
4,6,0
4,31,1
4,119,0
4,102,1
4,63,1
4,31,1
4,95,0
4,66,0
4,66,0
4,98,0
4,153,1
4,11,0
4,66,0
4,63,0
4,36,1
4,7,1
4,0,0
4,66,0
4,70,0
4,72,0
4,12,0
4,69,0
4,66,0
4,5,0
4,66,0
4,66,0
4,98,1
4,2,0
4,16,1
4,85,1
4,22,0
4,2,1
4,98,0
4,11,1
4,97,1
4,40,1
4,133,0
4,98,0
4,11,1
4,11,1
4,98,0
4,66,0
4,1,0
4,7,1
4,22,0
4,85,0
4,82,1
4,51,0
4,37,0
4,134,0
4,89,1
4,11,1
4,22,0
4,22,1
4,13,0
4,31,0
4,140,1
4,22,0
4,22,0
4,22,1
4,75,0
4,51,0
4,95,0
4,82,0
4,0,1
4,66,1
4,0,0
4,95,1
4,70,0
4,23,0
4,63,0
4,65,1
4,51,1
4,51,0
4,98,0
4,66,1
4,23,0
4,1,1
4,12,1
4,5,0
4,33,0
4,9,1
4,53,0
4,0,1
4,119,0
4,66,0
4,16,0
4,60,0
4,31,1
4,88,0
4,11,0
4,97,0
4,60,0
4,22,1
4,51,0
4,5,0
4,1,0
4,12,0
4,15,1
4,5,0
4,31,0
4,23,0
4,42,1
4,69,0
4,51,0
4,2,1
4,15,1
4,14,0
4,42,0
4,12,0
4,12,0
4,82,1
4,15,0
4,31,0
4,15,0
4,105,0
4,15,0
4,69,1
4,51,0
4,34,0
4,14,1
4,119,0
4,97,1
4,128,1
4,31,1
4,31,0
4,11,0
4,49,1
4,82,1
4,0,0
4,31,1
4,66,0
4,30,1
4,23,0
4,15,0
4,12,0
4,54,1
4,12,0
4,0,1
4,128,1
4,12,1
4,69,1
4,70,0
4,12,0
4,23,1
4,12,0
4,4,1
4,12,1
4,63,1
4,5,1
4,14,0
4,19,1
4,55,0
4,117,0
4,51,1
4,30,1
4,11,0
4,158,1
4,63,0
4,2,0
4,55,0
4,98,0
4,35,0
4,66,0
4,35,1
4,69,0
4,15,1
4,36,1
4,97,1
4,28,0
4,70,0
4,98,0
4,66,0
4,69,0
4,165,1
4,69,0
4,52,0
4,63,0
4,12,0
4,156,0
4,30,0
4,0,0
4,52,1
4,12,1
4,63,0
4,15,0
4,53,0
4,4,1
4,15,1
4,1,0
4,81,0
4,24,0
4,28,1
4,0,0
4,58,1
4,7,1
4,9,0
4,42,1
4,2,1
4,93,0
4,157,0
4,12,0
4,75,0
4,12,1
4,5,0
4,11,0
4,93,1
4,11,1
4,23,0
4,70,1
4,105,1
4,82,0
4,59,0
4,1,1
4,27,1
4,23,0
4,23,1
4,76,0
4,37,1
4,59,1
4,63,1
4,164,0
4,49,0
4,82,0
4,28,1
4,11,1
4,34,0
4,82,0
4,24,1
4,31,0
4,31,1
4,67,0
4,22,0
4,89,0
4,13,0
4,3,1
4,70,0
4,65,1
4,7,0
4,21,1
4,47,0
4,12,0
4,23,0
4,97,1
4,52,1
4,0,0
4,22,0
4,31,0
4,93,0
4,31,0
4,65,0
4,6,0
4,119,0
4,93,0
4,93,0
4,119,0
4,53,0
4,47,1
4,12,0
4,13,0
4,85,1
4,27,0
4,13,1
4,15,0
4,14,0
4,61,1
4,15,1
4,23,1
4,85,1
4,126,0
4,69,0
4,66,0
4,69,1
4,108,0
4,138,1
4,12,0
4,12,0
4,65,0
4,15,1
4,6,0
4,26,1
4,22,1
4,6,0
4,22,1
4,123,1
4,63,1
4,119,0
4,64,0
4,12,0
4,114,1
4,51,0
4,114,1
4,65,1
4,153,0
4,153,1
4,3,0
4,156,1
4,114,0
4,75,1
4,23,0
4,28,0
4,65,0
4,22,0
4,0,0
4,66,0
4,123,1
4,9,0
4,23,0
4,114,1
4,70,0
4,12,1
4,42,0
4,93,0
4,54,0
4,9,0
4,23,0
4,9,1
4,114,1
4,0,0
4,67,0
4,154,1
4,103,1
4,65,0
4,2,1
4,49,1
4,30,0
4,110,1
4,114,0
4,0,0
4,7,0
4,51,0
4,11,1
4,1,0
4,16,0
4,5,0
4,126,1
4,125,1
4,135,1
4,4,0
4,7,0
4,16,1
4,70,1
4,7,0
4,135,1
4,51,1
4,51,0
4,51,1
4,103,1
4,110,1
4,9,1
4,51,0
4,74,0
4,0,0
4,125,0
4,0,1
4,85,0
4,51,1
4,23,1
4,103,0
4,7,0
4,145,0
4,16,0
4,12,0
4,51,0
4,51,1
4,145,0
4,51,0
4,51,0
4,16,0
4,110,1
4,20,1
4,23,0
4,65,1
4,67,0
4,145,1
4,145,1
4,51,0
4,51,0
4,51,0
4,145,0
4,16,0
4,119,0
4,51,0
4,12,0
4,0,1
4,156,0
4,65,0
4,23,0
4,65,0
4,0,1
4,12,1
4,156,1
4,51,0
4,66,1
4,65,0
4,1,0
4,145,1
4,60,0
4,145,0
4,101,1
4,12,0
4,66,0
4,16,0
4,156,0
4,60,0
4,51,0
4,31,1
4,0,0
4,66,0
4,60,0
4,51,0
4,63,1
4,42,0
4,51,0
4,66,0
4,65,0
4,156,0
4,65,0
4,5,1
4,123,1
4,0,0
4,42,0
4,103,0
4,22,0
4,51,0
4,139,1
4,103,0
4,42,0
4,23,1
4,42,0
4,143,1
4,125,1
4,0,0
4,89,1
4,87,0
4,0,0
4,114,0
4,7,0
4,51,0
4,66,0
4,69,0
4,16,0
4,22,0
4,103,0
4,103,0
4,69,0
4,65,0
4,103,0
4,0,0
4,103,1
4,104,0
4,45,0
4,103,0
4,5,0
4,7,1
4,12,0
4,42,0
4,156,1
4,114,0
4,51,0
4,51,1
4,66,0
4,9,1
4,103,1
4,51,1
4,1,1
4,12,0
4,63,1
4,156,1
4,11,0
4,51,0
4,103,1
4,66,0
4,1,0
4,8,0
4,0,0
4,156,1
4,89,0
4,66,0
4,145,1
4,60,0
4,61,0
4,12,0
4,110,0
4,3,0
4,0,0
4,110,1
4,60,0
4,51,0
4,66,0
4,66,0
4,0,0
4,0,0
4,16,0
4,23,0
4,23,0
4,143,0
4,0,0
4,3,1
4,16,1
4,60,0
4,145,1
4,143,1
4,0,0
4,6,0
4,4,1
4,106,1
4,0,0
4,156,1
4,143,1
4,60,1
4,66,1
4,110,1
4,5,1
4,89,1
4,135,1
4,89,0
4,143,1
4,51,0
4,7,1
4,60,0
4,51,0
4,28,0
4,12,0
4,51,1
4,11,1
4,53,0
4,89,0
4,0,0
4,51,0
4,126,0
4,156,1
4,89,1
4,51,1
4,65,0
4,12,0
4,5,0
4,89,1
4,53,1
4,69,0
4,62,0
4,143,1
4,60,1
4,66,0
4,89,0
4,37,0
4,66,1
4,89,0
4,66,0
4,53,0
4,0,0
4,42,0
4,42,0
4,167,1
4,103,1
4,114,1
4,89,0
4,0,1
4,169,0
4,66,0
4,15,1
4,169,0
4,143,0
4,22,0
4,63,1
4,89,1
4,35,0
4,89,0
4,66,0
4,125,0
4,89,1
4,143,1
4,156,1
4,63,0
4,1,0
4,143,0
4,22,0
4,82,0
4,66,1
4,42,0
4,0,1
4,60,0
4,22,0
4,156,1
4,66,0
4,6,0
4,89,0
4,156,1
4,16,0
4,2,1
4,35,0
4,11,0
4,160,0
4,1,1
4,66,0
4,9,1
4,51,0
4,89,0
4,66,0
4,60,0
4,66,0
4,51,0
4,11,0
4,66,0
4,89,0
4,66,0
4,66,0
4,9,0
4,66,0
4,31,1
4,3,1
4,12,0
4,89,0
4,89,0
4,16,0
4,9,0
4,150,0
4,1,1
4,12,1
4,0,1
4,51,0
4,0,1
4,143,0
4,66,0
4,1,1
4,0,0
4,16,1
4,0,1
4,11,0
4,28,0
4,169,0
4,51,0
4,0,1
4,126,0
4,66,0
4,15,0
4,171,1
4,66,0
4,143,1
4,51,0
4,1,1
4,14,0
4,53,0
4,70,0
4,0,0
4,169,1
4,11,1
4,45,1
4,69,0
4,51,0
4,0,0
4,65,1
4,89,0
4,66,0
4,23,0
4,51,0
4,42,0
4,11,0
4,0,1
4,51,0
4,102,0
4,126,0
4,143,0
4,125,0
4,31,1
4,42,0
4,126,0
4,97,1
4,97,1
4,89,0
4,169,0
4,51,0
4,0,0
4,163,1
4,7,1
4,126,0
4,60,0
4,16,0
4,63,0
4,126,1
4,89,0
4,51,0
4,51,0
4,89,0
4,75,1
4,89,0
4,62,0
4,5,0
4,89,0
4,9,0
4,70,0
4,12,0
4,26,0
4,7,1
4,9,0
4,11,0
4,66,0
4,143,1
4,9,0
4,69,1
4,5,0
4,97,0
4,63,0
4,12,0
4,143,1
4,23,0
4,89,1
4,89,0
4,15,1
4,12,0
4,5,0
4,75,1
4,126,0
4,169,1
4,108,0
4,22,0
4,70,0
4,3,0
4,81,0
4,89,0
4,4,0
4,125,1
4,20,0
4,89,0
4,6,0
4,48,0
4,60,0
4,0,0
4,143,1
4,6,0
4,89,0
4,70,1
4,0,0
4,89,0
4,40,0
4,143,0
4,9,0
4,11,1
4,60,0
4,0,0
4,66,1
4,22,0
4,69,0
4,167,0
4,167,0
4,12,1
4,89,0
4,42,0
4,126,0
4,63,0
4,0,0
4,11,0
4,160,1
4,82,0
4,97,0
4,13,0
4,31,1
4,15,1
4,89,0
4,9,0
4,49,1
4,150,1
4,160,1
4,9,0
4,167,0
4,42,1
4,118,1
4,0,0
4,150,1
4,60,0
4,51,0
4,89,0
4,22,0
4,12,0
4,89,0
4,167,0
4,150,0
4,9,0
4,11,1
4,37,0
4,66,0
4,89,0
4,167,0
4,19,1
4,150,1
4,31,0
4,66,0
4,4,0
4,66,0
4,11,0
4,139,0
4,12,0
4,160,1
4,7,1
4,42,0
4,1,0
4,0,1
4,51,0
4,88,0
4,89,1
4,51,1
4,9,0
4,37,1
4,143,0
4,35,1
4,52,0
4,66,0
4,97,1
4,89,1
4,89,0
4,52,0
4,37,0
4,3,1
4,63,1
4,41,0
4,49,0
4,160,0
4,160,0
4,14,1
4,75,0
4,48,1
4,12,0
4,115,0
4,143,1
4,12,0
4,35,0
4,51,0
4,160,0
4,108,0
4,76,1
4,3,0
4,160,1
4,12,0
4,35,1
4,66,0
4,52,0
4,88,0
4,65,0
4,108,0
4,3,0
4,12,0
4,51,0
4,42,0
4,138,0
4,160,0
4,31,1
4,6,1
4,35,0
4,52,0
4,12,1
4,12,0
4,150,0
4,60,1
4,82,0
4,12,0
4,126,0
4,22,0
4,64,1
4,13,0
4,70,0
4,12,0
4,20,1
4,70,0
4,115,1
4,3,1
4,97,0
4,0,1
4,0,1
4,25,0
4,66,0
4,35,1
4,9,0
4,66,0
4,66,0
4,23,0
4,116,1
4,66,0
4,23,0
4,9,1
4,17,0
4,70,1
4,116,0
4,45,0
4,93,1
4,116,0
4,9,1
4,51,0
4,66,0
4,103,1
4,156,1
4,35,0
4,164,1
4,66,0
4,66,0
4,9,1
4,93,0
4,25,0
4,161,1
4,66,1
4,71,0
4,51,1
4,25,0
4,88,0
4,34,0
4,23,0
4,143,1
4,23,1
4,117,0
4,7,0
4,0,0
4,23,1
4,110,1
4,14,0
4,37,0
4,16,0
4,37,0
4,7,0
4,16,0
4,14,0
4,16,1
4,14,0
4,14,0
4,7,0
4,16,1
4,16,1
4,100,0
4,75,1
4,161,0
4,16,0
4,66,0
4,93,0
4,68,1
4,7,0
4,7,0
4,42,0
4,1,0
4,82,1
4,100,1
4,1,0
4,59,0
4,16,0
4,154,0
4,7,0
4,0,0
4,22,0
4,53,0
4,9,0
4,35,1
4,3,0
4,12,0
4,12,0
4,64,0
4,64,0
4,22,0
4,119,1
4,12,0
4,28,1
4,6,1
4,23,1
4,3,0
4,19,1
4,158,1
4,31,1
4,12,0
4,66,1
4,3,1
4,70,0
4,155,1
4,22,0
4,12,0
4,22,0
4,66,0
4,19,0
4,70,1
4,97,0
4,22,0
4,11,1
4,31,1
4,12,0
4,143,1
4,0,0
4,1,0
4,130,1
4,66,0
4,156,1
4,66,0
4,31,1
4,2,1
4,42,1
4,1,0
4,75,1
4,66,1
4,12,0
4,10,0
4,28,0
4,90,0
4,62,0
4,64,1
4,1,0
4,14,1
4,26,1
4,155,1
4,101,0
4,82,1
4,8,0
4,66,0
4,119,0
4,39,1
4,134,0
4,10,0
4,66,0
4,37,1
4,4,1
4,51,0
4,119,1
4,10,1
4,15,1
4,5,0
4,138,0
4,7,0
4,93,0
4,6,1
4,143,0
4,66,0
4,1,0
4,28,1
4,29,0
4,138,0
4,94,0
4,66,0
4,69,0
4,143,1
4,15,0
4,10,0
4,1,0
4,138,0
4,51,0
4,0,0
4,1,0
4,51,0
4,23,1
4,32,1
4,42,0
4,65,1
4,51,1
4,70,1
4,5,0
4,130,1
4,12,0
4,70,0
4,97,0
4,15,1
4,119,0
4,16,1
4,53,1
4,69,0
4,119,1
4,22,1
4,0,1
4,119,1
4,141,0
4,1,0
4,12,1
4,1,0
4,7,0
4,34,0
4,29,0
4,1,1
4,29,0
4,47,1
4,58,0
4,150,0
4,126,1
4,23,0
4,69,0
4,89,1
4,11,1
4,69,0
4,60,0
4,69,0
4,23,0
4,29,1
4,62,0
4,15,1
4,39,1
4,0,0
4,70,1
4,146,0
4,60,1
4,52,1
4,147,0
4,147,0
4,69,0
4,10,1
4,69,0
4,32,0
4,60,1
4,48,0
4,42,0
4,14,1
4,14,0
4,146,1
4,124,0
4,12,1
4,95,1
4,42,0
4,2,0
4,93,0
4,82,0
4,51,0
4,15,0
4,70,0
4,51,0
4,32,0
4,123,0
4,41,1
4,83,0
4,48,1
4,110,1
4,42,0
4,9,1
4,0,0
4,36,0
4,59,1
4,51,1
4,0,1
4,11,1
4,14,1
4,44,0
4,93,0
4,69,1
4,61,1
4,2,0
4,12,0
4,70,1
4,53,1
4,0,0
4,22,0
4,12,0
4,0,0
4,31,1
4,15,1
4,53,1
4,25,0
4,134,0
4,53,1
4,23,0
4,26,1
4,23,0
4,36,1
4,93,0
4,69,0
4,13,0
4,70,0
4,53,0
4,13,0
4,23,0
4,70,0
4,53,0
4,64,0
4,31,1
4,41,1
4,93,0
4,23,0
4,20,0
4,139,1
4,22,1
4,16,1
4,15,1
4,42,0
4,13,0
4,0,0
4,23,1
4,123,1
4,42,1
4,0,1
4,22,1
4,23,0
4,85,1
4,63,1
4,93,0
4,51,0
4,93,1
4,85,0
4,113,0
4,44,1
4,51,1
4,12,1
4,83,0
4,75,0
4,12,0
4,96,0
4,75,1
4,53,1
4,66,1
4,66,0
4,138,0
4,120,1
4,11,1
4,44,0
4,44,1
4,4,0
4,93,0
4,4,1
4,12,0
4,130,0
4,66,0
4,3,0
4,12,0
4,16,0
4,108,0
4,16,1
4,106,0
4,23,0
4,62,1
4,69,0
4,24,0
4,11,0
4,66,0
4,83,1
4,14,0
4,9,0
4,7,1
4,22,0
4,66,0
4,114,1
4,66,0
4,16,0
4,3,0
4,14,1
4,93,0
4,6,0
4,11,0
4,0,0
4,68,1
4,11,0
4,42,0
4,12,0
4,66,0
4,0,0
4,42,0
4,12,0
4,131,0
4,34,0
4,66,0
4,11,0
4,0,0
4,69,0
4,42,0
4,53,0
4,49,1
4,22,1
4,11,0
4,23,1
4,42,0
4,69,0
4,11,0
4,69,0
4,66,1
4,66,0
4,0,1
4,49,1
4,131,0
4,2,1
4,42,0
4,11,1
4,0,0
4,48,0
4,11,0
4,60,1
4,9,1
4,42,0
4,125,1
4,26,1
4,97,0
4,22,0
4,22,0
4,128,1
4,112,0
4,15,0
4,32,0
4,70,1
4,3,0
4,5,0
4,11,0
4,2,1
4,48,1
4,11,0
4,97,1
4,93,1
4,124,0
4,124,0
4,11,0
4,51,0
4,30,0
4,49,0
4,74,1
4,49,1
4,4,0
4,123,1
4,11,0
4,117,0
4,42,0
4,11,1
4,2,1
4,53,0
4,31,0
4,23,0
4,31,0
4,23,1
4,4,1
4,0,0
4,64,0
4,117,0
4,70,0
4,90,0
4,16,0
4,90,1
4,11,1
4,24,0
4,49,1
4,63,1
4,23,0
4,29,1
4,16,1
4,23,0
4,64,1
4,70,1
4,120,0
4,119,0
4,70,1
4,0,0
4,16,1
4,51,0
4,0,1
4,119,1
4,12,1
4,0,0
4,114,0
4,69,1
4,93,0
4,28,0
4,51,1
4,49,1
4,93,0
4,7,0
4,41,1
4,13,0
4,49,1
4,9,1
4,14,0
4,14,0
4,23,1
4,11,1
4,23,1
4,6,0
4,70,0
4,2,0
4,12,0
4,1,1
4,6,0
4,6,1
4,14,0
4,12,0
4,24,0
4,70,1
4,42,0
4,24,0
4,24,0
4,13,1
4,63,0
4,5,0
4,4,0
4,69,1
4,69,0
4,11,0
4,0,0
4,69,0
4,72,1
4,58,0
4,14,0
4,4,1
4,2,1
4,69,1
4,69,0
4,49,0
4,102,0
4,2,0
4,28,1
4,2,0
4,63,0
4,2,0
4,4,0
4,70,1
4,58,1
4,97,1
4,4,0
4,102,0
4,66,1
4,11,0
4,14,0
4,73,0
4,24,0
4,66,0
4,87,1
4,1,0
4,12,0
4,1,1
4,28,1
4,63,1
4,65,1
4,12,0
4,12,1
4,65,1
4,51,0
4,66,0
4,92,0
4,28,1
4,15,0
4,92,0
4,15,1
4,22,0
4,22,0
4,5,0
4,4,0
4,19,0
4,99,0
4,4,0
4,13,0
4,4,0
4,14,0
4,98,1
4,6,0
4,92,0
4,13,1
4,6,0
4,6,0
4,23,0
4,14,0
4,47,0
4,14,0
4,66,0
4,14,0
4,53,1
4,95,0
4,14,0
4,23,0
4,42,0
4,27,0
4,94,1
4,51,0
4,72,0
4,51,0
4,36,1
4,16,0
4,89,1
4,14,0
4,87,1
4,0,0
4,23,0
4,47,1
4,0,0
4,51,0
4,2,0
4,3,0
4,6,1
4,8,1
4,79,0
4,5,0
4,36,1
4,23,1
4,3,0
4,24,0
4,19,1
4,16,1
4,45,0
4,3,0
4,3,0
4,3,0
4,42,0
4,15,1
4,23,0
4,40,0
4,60,0
4,53,1
4,13,0
4,12,1
4,45,0
4,52,0
4,52,1
4,40,0
4,6,0
4,21,1
4,0,0
4,13,1
4,13,1
4,32,0
4,42,0
4,13,1
4,40,0
4,24,0
4,16,0
4,30,0
4,13,1
4,24,1
4,22,1
4,16,1
4,12,0
4,6,0
4,11,0
4,3,0
4,6,0
4,12,0
4,3,0
4,5,0
4,2,0
4,2,0
4,6,0
5,47,1
5,42,0
5,12,0
5,3,1
5,13,0
5,144,0
5,42,0
5,30,0
5,2,0
5,13,0
5,22,0
5,22,0
5,144,1
5,65,1
5,1,1
5,12,0
5,42,0
5,87,1
5,22,1
5,7,1
5,16,0
5,12,0
5,95,0
5,1,0
5,42,0
5,7,1
5,13,1
5,16,0
5,63,1
5,78,0
5,42,0
5,64,1
5,5,0
5,44,1
5,14,0
5,11,0
5,75,0
5,23,1
5,11,0
5,75,1
5,7,0
5,95,1
5,23,1
5,14,1
5,14,1
5,95,0
5,7,1
5,64,0
5,51,0
5,1,0
5,1,1
5,22,0
5,12,0
5,12,0
5,12,0
5,51,0
5,47,1
5,12,0
5,60,0
5,67,0
5,5,1
5,97,1
5,5,0
5,22,1
5,5,0
5,23,0
5,22,0
5,12,0
5,5,1
5,5,1
5,23,0
5,66,0
5,15,0
5,15,1
5,51,1
5,51,0
5,167,0
5,60,0
5,60,1
5,63,0
5,51,1
5,53,1
5,49,1
5,24,1
5,15,1
5,0,1
5,94,1
5,53,0
5,0,1
5,3,0
5,3,0
5,42,0
5,27,1
5,26,1
5,77,0
5,23,0
5,23,0
5,23,0
5,23,1
5,23,0
5,24,0
5,4,1
5,144,1
5,15,0
5,0,0
5,12,0
5,27,0
5,75,0
5,23,0
5,85,1
5,7,1
5,23,1
5,129,0
5,1,1
5,2,0
5,2,0
5,22,0
5,24,0
5,144,0
5,7,0
5,22,1
5,12,0
5,12,0
5,12,0
5,85,0
5,97,0
5,83,0
5,144,0
5,98,1
5,14,0
5,7,0
5,6,0
5,147,1
5,7,0
5,98,0
5,144,0
5,144,1
5,144,1
5,51,1
5,144,0
5,144,0
5,14,0
5,71,1
5,11,0
5,16,1
5,26,1
5,7,0
5,76,0
5,11,0
5,13,0
5,69,1
5,1,1
5,12,0
5,22,1
5,12,0
5,95,0
5,67,0
5,51,0
5,31,0
5,82,1
5,6,0
5,7,1
5,21,1
5,161,0
5,97,0
5,51,0
5,6,1
5,36,1
5,11,0
5,51,0
5,11,0
5,23,1
5,6,1
5,31,0
5,3,0
5,31,0
5,22,0
5,14,0
5,67,0
5,97,1
5,69,0
5,97,0
5,95,0
5,95,0
5,69,1
5,40,0
5,14,0
5,11,0
5,22,0
5,67,0
5,14,1
5,133,0
5,64,0
5,11,1
5,134,0
5,123,1
5,95,0
5,123,0
5,123,0
5,67,0
5,155,1
5,82,1
5,66,0
5,23,0
5,51,0
5,23,0
5,1,0
5,23,0
5,98,1
5,0,1
5,69,1
5,51,0
5,51,0
5,22,0
5,97,0
5,82,0
5,31,1
5,23,0
5,13,0
5,7,0
5,14,0
5,97,0
5,0,0
5,70,1
5,97,0
5,13,0
5,70,0
5,63,0
5,23,1
5,34,1
5,31,1
5,98,0
5,22,0
5,12,0
5,51,0
5,3,0
5,70,1
5,23,0
5,22,0
5,37,0
5,33,0
5,31,0
5,51,0
5,4,0
5,70,1
5,64,0
5,51,1
5,12,0
5,31,1
5,82,1
5,88,0
5,0,1
5,98,1
5,1,0
5,1,0
5,15,0
5,16,1
5,5,0
5,64,0
5,37,0
5,65,1
5,13,0
5,33,0
5,11,1
5,34,1
5,37,1
5,69,0
5,42,0
5,103,0
5,13,1
5,23,0
5,7,1
5,22,1
5,69,0
5,85,1
5,31,0
5,22,1
5,34,0
5,51,0
5,11,0
5,12,0
5,69,1
5,34,0
5,12,0
5,34,1
5,31,0
5,69,1
5,128,0
5,69,0
5,31,0
5,13,0
5,12,0
5,51,0
5,23,0
5,14,0
5,0,0
5,23,0
5,4,0
5,31,0
5,11,1
5,53,0
5,11,0
5,16,1
5,118,0
5,15,0
5,119,0
5,22,0
5,70,0
5,105,0
5,118,0
5,28,1
5,98,0
5,118,0
5,69,0
5,12,0
5,11,1
5,2,1
5,5,0
5,119,0
5,147,1
5,31,0
5,23,1
5,7,1
5,11,1
5,51,0
5,0,1
5,55,0
5,30,0
5,119,0
5,15,0
5,119,1
5,2,0
5,23,0
5,28,0
5,7,1
5,11,0
5,82,0
5,35,0
5,7,0
5,12,1
5,66,0
5,69,0
5,11,1
5,31,1
5,0,0
5,28,0
5,165,0
5,165,0
5,66,1
5,0,1
5,108,0
5,69,0
5,108,0
5,15,0
5,52,0
5,15,0
5,0,0
5,31,0
5,31,1
5,55,0
5,30,0
5,12,0
5,53,1
5,63,1
5,24,0
5,2,0
5,53,0
5,63,1
5,98,0
5,12,0
5,22,1
5,93,0
5,69,1
5,31,0
5,119,0
5,93,1
5,50,0
5,23,0
5,28,0
5,105,0
5,16,1
5,13,0
5,4,0
5,5,1
5,27,1
5,97,0
5,67,0
5,1,1
5,152,1
5,11,1
5,51,0
5,28,0
5,49,1
5,5,1
5,51,0
5,7,1
5,50,0
5,31,0
5,22,1
5,11,0
5,66,0
5,171,1
5,93,0
5,15,1
5,15,1
5,21,0
5,11,1
5,78,0
5,93,0
5,13,0
5,14,0
5,22,0
5,0,0
5,78,0
5,93,0
5,13,0
5,89,0
5,65,1
5,4,1
5,7,1
5,3,1
5,93,0
5,143,0
5,98,0
5,13,0
5,12,0
5,61,1
5,14,0
5,22,0
5,143,1
5,30,0
5,22,0
5,93,0
5,23,0
5,66,1
5,12,0
5,53,0
5,12,0
5,23,1
5,23,1
5,69,0
5,82,1
5,138,1
5,119,0
5,69,1
5,21,0
5,6,0
5,126,1
5,93,0
5,126,1
5,81,1
5,129,0
5,4,0
5,93,0
5,42,1
5,4,0
5,0,0
5,22,1
5,23,1
5,2,1
5,6,0
5,4,0
5,119,0
5,114,0
5,9,0
5,70,0
5,34,0
5,47,1
5,53,1
5,123,0
5,123,1
5,64,0
5,51,0
5,0,0
5,5,0
5,123,1
5,34,0
5,11,0
5,114,0
5,23,1
5,65,0
5,12,0
5,16,1
5,123,1
5,16,0
5,64,1
5,16,1
5,64,0
5,114,0
5,64,0
5,42,0
5,66,0
5,64,0
5,12,0
5,110,1
5,65,1
5,31,0
5,28,0
5,114,0
5,42,0
5,23,0
5,154,0
5,9,0
5,64,0
5,12,0
5,114,0
5,30,0
5,114,1
5,4,1
5,6,1
5,14,1
5,114,1
5,152,1
5,11,0
5,70,1
5,123,1
5,126,0
5,51,0
5,103,0
5,126,1
5,14,0
5,51,1
5,5,0
5,114,1
5,51,1
5,16,0
5,51,0
5,22,0
5,51,0
5,12,0
5,42,1
5,114,0
5,7,0
5,23,0
5,135,1
5,21,0
5,67,0
5,171,1
5,51,0
5,1,1
5,94,1
5,0,1
5,21,1
5,51,0
5,65,1
5,42,0
5,6,0
5,16,0
5,5,1
5,145,1
5,13,0
5,16,0
5,13,1
5,51,0
5,7,1
5,125,1
5,7,1
5,16,0
5,3,0
5,16,0
5,37,1
5,145,0
5,103,1
5,51,1
5,110,1
5,16,0
5,125,1
5,42,0
5,3,0
5,119,0
5,103,0
5,11,0
5,70,1
5,23,0
5,103,1
5,82,0
5,156,1
5,147,1
5,23,0
5,156,1
5,145,1
5,103,1
5,42,0
5,103,0
5,66,0
5,16,0
5,117,0
5,156,1
5,156,0
5,51,0
5,36,0
5,156,0
5,0,0
5,89,0
5,64,0
5,117,0
5,156,1
5,65,0
5,16,0
5,85,0
5,89,1
5,110,1
5,156,1
5,156,1
5,89,0
5,0,0
5,156,0
5,0,0
5,65,0
5,156,0
5,89,1
5,156,0
5,125,1
5,156,1
5,126,1
5,5,0
5,12,1
5,51,0
5,143,0
5,148,0
5,12,0
5,60,0
5,66,0
5,167,0
5,125,1
5,7,1
5,66,0
5,51,0
5,27,0
5,156,1
5,16,0
5,69,0
5,156,1
5,126,0
5,126,0
5,7,0
5,87,1
5,156,0
5,12,0
5,51,0
5,66,0
5,12,1
5,156,0
5,60,0
5,65,0
5,8,0
5,60,0
5,156,1
5,7,0
5,5,0
5,69,0
5,22,0
5,51,0
5,125,1
5,51,0
5,5,0
5,11,0
5,103,1
5,143,1
5,0,0
5,110,1
5,60,0
5,11,0
5,156,1
5,156,0
5,107,0
5,66,0
5,143,0
5,89,0
5,60,0
5,126,0
5,82,0
5,4,0
5,101,1
5,12,0
5,60,0
5,34,0
5,156,1
5,0,0
5,82,1
5,114,0
5,28,1
5,145,0
5,51,0
5,31,1
5,23,1
5,1,0
5,75,1
5,89,1
5,5,0
5,104,0
5,117,1
5,13,1
5,42,0
5,69,1
5,66,0
5,114,1
5,0,0
5,125,0
5,103,0
5,56,1
5,51,1
5,60,0
5,28,0
5,49,0
5,22,0
5,89,0
5,51,1
5,16,0
5,143,0
5,156,0
5,23,0
5,104,1
5,1,0
5,63,1
5,14,1
5,51,0
5,125,1
5,26,1
5,12,0
5,5,0
5,125,1
5,15,1
5,51,0
5,37,0
5,143,1
5,89,0
5,136,1
5,66,0
5,143,1
5,70,0
5,0,0
5,89,1
5,7,1
5,66,0
5,89,1
5,103,1
5,143,0
5,104,0
5,89,0
5,143,0
5,119,1
5,24,1
5,89,0
5,0,0
5,51,0
5,143,0
5,63,1
5,42,1
5,89,1
5,35,0
5,169,0
5,88,0
5,51,0
5,89,0
5,89,1
5,66,0
5,89,0
5,156,1
5,143,1
5,4,0
5,89,0
5,1,1
5,126,0
5,60,0
5,89,0
5,0,0
5,145,1
5,160,1
5,51,0
5,20,1
5,66,0
5,11,0
5,22,1
5,3,0
5,145,1
5,125,1
5,24,0
5,2,1
5,66,0
5,69,1
5,7,0
5,89,0
5,89,0
5,15,0
5,60,0
5,89,0
5,0,1
5,89,0
5,160,1
5,66,0
5,0,0
5,69,1
5,66,0
5,3,1
5,70,0
5,49,1
5,69,1
5,66,0
5,143,0
5,66,0
5,156,1
5,51,0
5,49,0
5,60,0
5,89,0
5,24,0
5,47,1
5,63,1
5,35,1
5,89,0
5,51,0
5,126,1
5,51,0
5,31,1
5,89,0
5,11,0
5,89,0
5,66,0
5,97,0
5,24,0
5,53,0
5,83,0
5,125,0
5,5,0
5,60,1
5,0,0
5,70,1
5,51,1
5,0,0
5,65,1
5,66,0
5,63,1
5,51,0
5,66,1
5,69,0
5,63,0
5,7,0
5,69,0
5,42,0
5,89,0
5,129,0
5,7,0
5,12,0
5,42,0
5,63,1
5,66,0
5,15,0
5,97,0
5,81,0
5,51,0
5,126,0
5,147,1
5,66,0
5,14,0
5,89,0
5,89,0
5,9,0
5,42,0
5,65,1
5,4,0
5,7,1
5,97,0
5,51,1
5,24,0
5,62,0
5,66,0
5,51,0
5,88,0
5,143,1
5,89,0
5,83,1
5,9,0
5,0,0
5,14,1
5,89,0
5,143,1
5,89,1
5,7,1
5,51,1
5,102,1
5,14,1
5,42,0
5,0,0
5,66,0
5,9,1
5,0,1
5,3,0
5,66,0
5,16,0
5,62,0
5,125,0
5,7,1
5,143,0
5,5,1
5,66,0
5,143,0
5,89,1
5,89,1
5,33,0
5,25,0
5,108,0
5,66,1
5,66,1
5,126,0
5,135,1
5,0,0
5,25,0
5,60,0
5,11,0
5,89,0
5,89,0
5,1,0
5,143,1
5,9,1
5,70,0
5,0,0
5,26,1
5,89,0
5,12,0
5,2,1
5,126,0
5,4,1
5,88,0
5,0,1
5,20,1
5,167,0
5,11,0
5,163,0
5,66,0
5,125,1
5,9,0
5,89,0
5,51,0
5,1,1
5,22,1
5,20,0
5,12,0
5,11,0
5,160,1
5,7,1
5,89,0
5,16,1
5,126,1
5,66,0
5,12,1
5,11,0
5,128,0
5,0,0
5,66,0
5,9,0
5,150,1
5,89,0
5,163,0
5,11,0
5,20,0
5,143,1
5,150,0
5,9,0
5,42,0
5,11,0
5,88,0
5,0,0
5,89,0
5,89,0
5,126,1
5,45,0
5,26,1
5,11,0
5,143,0
5,1,1
5,5,0
5,11,0
5,89,0
5,126,0
5,11,1
5,82,0
5,9,0
5,58,1
5,60,0
5,12,0
5,143,0
5,67,0
5,66,0
5,63,0
5,44,0
5,70,1
5,49,1
5,143,1
5,150,1
5,60,0
5,66,0
5,12,0
5,155,0
5,66,0
5,167,0
5,51,0
5,62,0
5,13,0
5,66,0
5,143,0
5,160,0
5,60,1
5,35,0
5,126,0
5,89,0
5,13,0
5,66,1
5,3,0
5,13,0
5,66,1
5,97,1
5,5,0
5,5,0
5,62,0
5,48,0
5,44,0
5,13,1
5,66,0
5,143,0
5,150,1
5,3,1
5,88,0
5,13,0
5,11,0
5,52,0
5,14,1
5,59,1
5,12,0
5,13,0
5,75,0
5,12,0
5,35,0
5,3,0
5,16,0
5,108,0
5,4,0
5,115,1
5,126,1
5,143,1
5,160,0
5,31,0
5,35,0
5,35,0
5,49,0
5,0,0
5,35,0
5,0,1
5,115,1
5,35,0
5,108,0
5,160,1
5,37,0
5,0,1
5,41,0
5,35,0
5,49,1
5,22,0
5,150,1
5,27,1
5,3,0
5,104,0
5,104,0
5,126,0
5,97,0
5,150,1
5,104,0
5,45,1
5,19,1
5,62,0
5,36,1
5,7,0
5,108,0
5,3,1
5,69,0
5,51,0
5,95,0
5,159,0
5,66,0
5,159,0
5,116,1
5,95,0
5,41,1
5,126,0
5,116,1
5,5,0
5,116,1
5,126,1
5,66,0
5,66,0
5,42,0
5,159,0
5,116,0
5,31,1
5,159,1
5,9,1
5,51,1
5,88,0
5,23,0
5,0,0
5,66,1
5,66,1
5,66,1
5,51,0
5,25,0
5,0,1
5,143,0
5,31,1
5,116,1
5,14,0
5,66,0
5,68,0
5,16,0
5,66,0
5,116,1
5,126,0
5,126,1
5,100,1
5,68,1
5,162,1
5,0,0
5,7,1
5,7,1
5,1,0
5,97,1
5,82,1
5,51,0
5,126,0
5,68,1
5,16,0
5,119,0
5,12,0
5,4,0
5,16,0
5,75,0
5,66,0
5,7,0
5,36,1
5,161,0
5,7,0
5,82,1
5,7,0
5,82,0
5,16,0
5,119,0
5,1,0
5,0,1
5,100,0
5,7,0
5,42,0
5,38,1
5,158,0
5,96,1
5,8,0
5,59,1
5,100,1
5,53,0
5,8,0
5,159,0
5,22,1
5,158,1
5,25,1
5,69,0
5,140,1
5,97,0
5,0,0
5,5,0
5,0,1
5,5,1
5,51,1
5,27,1
5,12,0
5,66,0
5,0,0
5,23,0
5,64,0
5,13,1
5,66,0
5,34,0
5,42,0
5,15,0
5,63,1
5,1,0
5,64,0
5,12,1
5,69,1
5,101,0
5,63,0
5,10,1
5,49,1
5,5,1
5,49,1
5,16,1
5,23,1
5,97,0
5,8,1
5,155,1
5,155,1
5,134,0
5,6,0
5,10,1
5,15,1
5,62,1
5,1,1
5,28,1
5,12,1
5,60,0
5,138,0
5,31,0
5,4,1
5,2,0
5,45,0
5,51,0
5,32,0
5,51,0
5,139,0
5,15,0
5,0,0
5,29,1
5,22,0
5,15,0
5,85,0
5,22,1
5,15,1
5,0,0
5,3,0
5,51,0
5,1,1
5,94,1
5,143,0
5,15,0
5,66,0
5,143,0
5,60,0
5,45,0
5,5,0
5,66,0
5,12,1
5,51,1
5,51,1
5,7,0
5,22,1
5,7,0
5,23,0
5,7,0
5,51,1
5,70,1
5,60,0
5,2,0
5,7,1
5,0,1
5,4,0
5,14,0
5,60,1
5,23,0
5,5,0
5,0,1
5,31,1
5,69,0
5,39,0
5,23,1
5,58,0
5,29,1
5,28,1
5,60,1
5,62,1
5,2,0
5,88,0
5,53,1
5,66,0
5,15,1
5,48,0
5,128,0
5,0,0
5,52,1
5,66,0
5,16,1
5,83,0
5,27,1
5,82,1
5,82,1
5,44,0
5,119,0
5,29,1
5,24,0
5,139,0
5,89,0
5,10,0
5,130,0
5,4,0
5,83,0
5,42,1
5,45,1
5,31,1
5,22,1
5,22,1
5,47,1
5,89,1
5,0,0
5,10,0
5,4,0
5,2,1
5,4,0
5,29,0
5,34,0
5,1,1
5,32,0
5,49,1
5,93,0
5,3,1
5,32,0
5,42,0
5,39,1
5,2,0
5,51,0
5,70,0
5,4,0
5,66,0
5,93,0
5,32,0
5,0,0
5,93,0
5,93,0
5,81,1
5,26,0
5,32,0
5,44,0
5,15,1
5,15,1
5,130,1
5,64,0
5,12,0
5,93,0
5,69,0
5,0,0
5,24,0
5,22,0
5,22,0
5,23,0
5,56,0
5,61,1
5,14,0
5,23,0
5,24,0
5,3,1
5,31,0
5,15,0
5,70,0
5,64,0
5,93,0
5,22,0
5,67,0
5,22,1
5,23,0
5,42,0
5,23,1
5,13,0
5,67,0
5,64,1
5,93,1
5,25,1
5,93,0
5,24,1
5,42,1
5,22,1
5,3,1
5,97,1
5,0,0
5,20,0
5,12,0
5,93,0
5,34,0
5,51,0
5,114,0
5,20,1
5,75,1
5,42,0
5,44,0
5,65,0
5,42,1
5,67,0
5,23,0
5,15,0
5,103,0
5,30,0
5,70,0
5,96,0
5,120,0
5,82,1
5,16,1
5,11,0
5,32,1
5,123,1
5,90,0
5,130,0
5,22,0
5,12,0
5,42,1
5,16,0
5,23,0
5,3,1
5,82,0
5,22,0
5,73,1
5,106,1
5,66,0
5,66,0
5,108,1
5,12,0
5,11,0
5,14,0
5,133,1
5,53,1
5,2,0
5,135,1
5,22,0
5,12,0
5,33,0
5,69,1
5,6,0
5,66,1
5,12,0
5,64,1
5,66,0
5,93,0
5,12,1
5,133,0
5,0,0
5,126,1
5,23,1
5,14,0
5,22,0
5,14,0
5,49,0
5,107,1
5,51,0
5,133,0
5,5,0
5,15,0
5,70,0
5,66,0
5,66,0
5,23,0
5,66,0
5,11,0
5,131,0
5,32,0
5,69,1
5,0,0
5,131,1
5,42,0
5,22,0
5,7,0
5,12,0
5,12,1
5,66,1
5,75,1
5,9,0
5,4,0
5,66,0
5,124,1
5,43,0
5,11,0
5,11,0
5,45,0
5,64,0
5,124,1
5,7,1
5,43,0
5,42,0
5,93,0
5,64,0
5,11,0
5,42,0
5,60,0
5,93,1
5,30,0
5,93,1
5,93,1
5,0,0
5,11,0
5,43,1
5,11,0
5,22,0
5,51,0
5,124,0
5,0,0
5,51,0
5,0,0
5,14,0
5,43,0
5,64,0
5,23,0
5,6,0
5,0,0
5,49,0
5,23,1
5,70,0
5,4,1
5,93,0
5,49,0
5,0,0
5,4,0
5,11,1
5,31,0
5,4,0
5,31,0
5,121,0
5,0,1
5,7,0
5,69,1
5,11,1
5,69,0
5,63,0
5,64,1
5,31,0
5,17,0
5,23,0
5,3,0
5,9,0
5,72,1
5,63,0
5,120,1
5,16,1
5,1,1
5,11,0
5,22,0
5,60,0
5,32,0
5,7,0
5,22,0
5,34,1
5,35,0
5,7,1
5,2,0
5,9,0
5,14,0
5,50,0
5,53,0
5,23,0
5,6,0
5,42,0
5,53,1
5,6,0
5,1,0
5,7,0
5,22,0
5,7,0
5,114,1
5,13,0
5,13,0
5,13,0
5,42,0
5,25,0
5,11,1
5,11,0
5,23,0
5,24,1
5,11,0
5,4,0
5,15,1
5,16,1
5,51,1
5,108,1
5,69,0
5,45,0
5,72,0
5,53,1
5,69,0
5,26,1
5,97,0
5,3,1
5,60,0
5,3,1
5,11,1
5,60,1
5,24,1
5,102,0
5,12,0
5,27,0
5,102,0
5,16,1
5,2,0
5,4,0
5,15,1
5,4,0
5,105,0
5,14,0
5,102,0
5,51,0
5,12,0
5,66,0
5,2,0
5,75,1
5,23,0
5,14,1
5,69,0
5,69,1
5,66,0
5,2,0
5,28,0
5,66,0
5,12,1
5,66,0
5,5,0
5,28,0
5,47,0
5,47,0
5,15,0
5,26,1
5,53,0
5,53,0
5,6,1
5,52,0
5,90,1
5,100,1
5,40,1
5,66,1
5,14,1
5,4,0
5,4,0
5,2,1
5,6,0
5,82,1
5,14,0
5,2,1
5,16,0
5,66,0
5,14,0
5,49,0
5,47,1
5,66,0
5,23,0
5,26,1
5,23,0
5,42,0
5,92,1
5,42,0
5,41,0
5,51,0
5,32,1
5,51,0
5,51,0
5,51,0
5,51,1
5,13,0
5,51,1
5,0,0
5,66,0
5,47,0
5,47,0
5,7,1
5,1,0
5,84,0
5,82,1
5,16,0
5,3,0
5,16,0
5,40,0
5,51,0
5,51,0
5,26,1
5,26,0
5,5,0
5,23,0
5,12,0
5,24,0
5,12,0
5,24,0
5,14,0
5,15,0
5,14,0
5,3,1
5,66,0
5,64,1
5,26,1
5,66,1
5,64,1
5,23,1
5,37,1
5,6,0
5,13,0
5,59,1
5,12,0
5,12,0
5,23,1
5,52,0
5,0,0
5,13,0
5,40,0
5,21,0
5,13,0
5,47,0
5,46,1
5,35,0
5,13,0
5,43,1
5,32,0
5,39,1
5,38,1
5,30,0
5,16,0
5,11,0
5,23,0
5,5,0
5,15,0
5,9,0
5,6,0
5,12,0
5,8,0
5,6,1
5,11,0
5,10,1
5,5,0
6,23,0
6,23,0
6,23,0
6,23,0
6,23,1
6,16,1
6,7,1
6,7,1
6,1,1
6,63,0
6,63,0
6,63,0
6,97,1
6,75,1
6,22,0
6,22,0
6,51,0
6,51,1
6,51,0
6,51,1
6,4,1
6,0,1
7,70,0
7,70,0
7,70,1
7,42,1
7,27,1
7,26,1
7,40,1
7,30,0
7,30,1
7,45,0
7,45,0
7,45,0
7,45,0
7,45,1
7,45,0
7,45,0
7,45,1
7,41,1
7,36,1
7,8,1
8,31,1
8,72,0
8,72,1
8,27,1
8,26,1
8,40,1
8,36,0
8,36,1
8,8,0
8,8,0
8,8,0
8,8,1
8,81,1
8,17,0
8,17,0
8,17,0
8,17,0
8,17,0
8,17,1
9,75,1
9,22,0
9,22,0
9,22,0
9,22,1
9,60,0
9,60,0
9,60,0
9,60,0
9,60,0
9,60,0
9,60,0
9,61,0
9,61,1
9,45,0
9,45,0
9,60,0
9,60,0
9,60,0
9,60,0
9,60,0
9,18,0
9,18,0
9,18,0
9,18,0
9,18,0
9,18,0
9,18,1
9,18,0
9,18,1
10,58,0
10,58,0
10,58,0
10,58,0
10,58,0
10,58,0
10,58,0
10,58,1
10,37,0
10,37,0
10,37,1
10,37,1
10,37,1
10,37,1
10,21,1
10,21,1
11,66,1
11,51,1
11,53,1
11,0,1
11,15,0
11,15,0
11,15,0
11,4,1
11,2,0
11,2,1
11,69,0
11,69,0
11,69,1
11,12,0
11,12,0
11,12,0
11,12,0
11,31,0
11,11,0
11,11,0
11,14,0
11,49,1
11,3,1
11,24,0
11,24,1
11,31,0
11,15,0
11,9,1
11,42,0
11,42,0
11,42,0
11,27,0
12,5,1
12,66,0
12,66,0
12,66,0
12,66,0
12,66,0
12,66,0
12,66,1
12,51,1
12,53,0
12,53,1
12,0,0
12,0,1
12,14,0
12,14,0
12,14,1
12,15,1
12,4,0
12,4,0
12,4,0
12,4,0
12,4,0
12,4,0
12,4,0
12,4,0
12,2,1
12,4,0
12,4,1
12,69,0
12,69,1
12,12,0
12,12,0
12,12,0
12,12,0
12,12,1
12,31,0
12,31,0
13,26,1
13,30,0
13,30,0
13,30,0
13,30,0
13,30,0
13,30,0
13,30,0
13,30,0
13,30,0
13,30,0
13,30,0
13,30,1
13,33,0
13,33,0
14,27,0
14,27,0
14,27,0
14,27,0
14,27,0
14,27,0
14,27,0
14,27,1
14,61,1
14,52,0
14,52,1
14,9,1
14,5,0
14,5,0
14,5,1
14,54,1
14,50,1
14,17,1
15,144,0
15,144,0
15,12,0
15,12,1
15,45,0
15,144,1
15,144,1
15,107,0
15,69,0
15,71,1
15,49,1
15,3,1
15,5,1
15,97,0
15,97,0
15,97,1
15,75,1
15,12,0
15,90,1
15,97,0
15,97,0
15,97,0
15,97,0
15,97,0
15,97,0
15,97,0
15,97,0
15,97,0
15,16,1
15,7,1
15,53,0
15,53,0
15,75,0
15,1,1
15,75,0
15,75,1
15,47,0
15,53,0
15,24,0
15,6,0
15,6,1
15,63,1
15,22,0
15,24,1
15,22,0
15,22,0
15,6,0
15,6,0
15,22,0
15,22,1
15,6,0
15,12,0
15,31,1
15,12,0
15,12,1
15,66,0
15,30,0
15,30,0
15,30,0
15,110,0
15,30,1
15,110,0
15,107,0
15,110,1
15,107,1
15,26,1
15,22,1
15,5,1
15,12,0
15,13,0
15,6,0
15,6,0
15,6,0
15,6,0
16,144,0
16,12,0
16,12,1
16,45,0
16,42,1
16,45,1
16,74,1
16,107,1
16,69,1
16,31,1
16,107,1
16,5,0
16,97,0
16,75,0
16,30,1
16,12,0
16,63,1
16,2,1
16,97,0
16,97,0
16,97,0
16,12,0
16,12,0
16,0,0
16,0,1
16,97,1
16,51,1
16,75,0
16,75,0
16,24,0
16,75,1
16,47,0
16,2,1
16,47,1
16,22,0
16,22,0
16,97,1
16,47,0
16,47,1
16,22,0
16,22,0
16,70,1
16,22,0
16,22,0
16,6,0
16,53,1
16,12,0
16,12,1
16,12,0
16,12,0
16,110,0
16,110,0
16,6,0
16,97,1
16,27,1
16,75,1
16,26,0
16,107,0
16,110,1
16,110,1
16,107,0
16,22,0
16,103,1
16,12,1
16,6,0
16,6,0
16,6,0
17,44,0
17,44,1
17,44,1
17,44,1
17,44,0
17,44,0
17,44,0
17,44,1
17,44,1
17,44,0
17,44,1
17,44,0
17,44,0
17,44,0
17,44,1
18,11,0
18,11,0
18,11,0
18,11,0
18,11,0
18,11,0
18,11,0
18,11,0
18,11,1
18,11,0
18,11,0
18,11,1
18,11,1
18,11,1
18,11,1
18,11,1
18,11,1
18,11,1
18,11,0
18,11,0
18,49,1
18,3,0
18,3,0
18,3,0
18,3,1
18,5,1
18,66,1
18,51,1
18,53,1
18,0,1
18,14,1
18,15,0
18,4,1
18,2,1
18,69,1
18,12,1
18,31,1
18,15,1
18,28,0
18,28,0
18,28,0
18,28,1
18,24,1
18,24,1
19,75,1
19,75,0
19,75,0
19,175,0
19,23,1
19,56,0
19,63,1
19,63,0
19,22,0
19,22,0
19,7,0
19,165,1
19,165,0
19,165,0
19,165,0
19,165,0
19,165,0
19,57,1
19,165,0
19,165,0
19,165,0
19,7,0
19,165,0
19,165,1
19,165,0
19,165,0
19,165,0
19,86,1
19,165,0
19,57,1
19,165,0
19,77,0
19,165,1
19,165,1
19,99,1
19,99,1
19,97,0
19,64,0
19,65,1
19,57,1
19,121,1
19,121,0
19,121,0
19,1,1
19,122,1
19,74,0
19,108,1
19,74,1
19,56,0
19,71,0
19,122,1
19,6,0
19,22,0
19,95,0
19,99,0
19,7,1
19,23,0
19,75,0
19,6,0
19,22,0
19,74,0
19,6,0
19,22,0
19,7,0
20,75,0
20,16,0
20,75,0
20,75,0
20,64,1
20,16,0
20,16,0
20,1,1
20,97,1
20,22,0
20,165,0
20,165,0
20,165,0
20,165,0
20,165,0
20,165,0
20,165,1
20,165,0
20,63,1
20,165,0
20,56,1
20,7,0
20,57,1
20,165,1
20,165,1
20,165,0
20,165,0
20,165,0
20,165,0
20,165,1
20,165,1
20,75,1
20,165,1
20,99,0
20,63,1
20,165,1
20,165,0
20,23,0
20,126,1
20,122,1
20,122,1
20,140,1
20,108,1
20,56,0
20,108,0
20,121,1
20,122,1
20,108,0
20,74,0
20,20,0
20,6,0
20,6,0
20,140,1
20,105,1
20,134,0
20,99,0
20,22,0
20,6,0
20,23,0
20,56,0
20,16,1
20,6,0
20,23,1
20,22,0
20,7,0
21,63,1
21,105,0
21,75,0
21,175,0
21,6,1
21,16,0
21,56,0
21,1,0
21,75,1
21,56,1
21,23,1
21,86,1
21,22,0
21,165,0
21,165,0
21,165,0
21,165,0
21,165,0
21,165,0
21,165,0
21,165,0
21,165,0
21,165,0
21,56,1
21,165,0
21,165,1
21,165,1
21,165,0
21,99,0
21,165,1
21,165,0
21,57,0
21,99,0
21,165,0
21,165,1
21,165,1
21,99,1
21,165,1
21,165,0
21,77,1
21,117,1
21,165,0
21,108,1
21,122,1
21,108,0
21,56,1
21,122,1
21,1,1
21,108,0
21,108,1
21,57,0
21,108,0
21,105,0
21,71,0
21,105,0
21,140,1
21,22,0
21,70,1
21,68,1
21,22,0
21,6,0
21,56,0
21,22,0
21,86,1
21,64,1
21,7,0
21,6,0
21,7,0
22,75,0
22,105,0
22,95,1
22,16,0
22,23,1
22,56,0
22,23,1
22,1,1
22,63,1
22,22,0
22,74,1
22,56,1
22,43,1
22,7,1
22,165,0
22,16,1
22,165,0
22,165,0
22,165,0
22,165,0
22,149,0
22,165,0
22,165,0
22,7,1
22,165,0
22,56,0
22,57,1
22,165,0
22,99,0
22,165,0
22,99,1
22,149,1
22,115,0
22,99,1
22,149,1
22,165,1
22,43,1
22,165,0
22,23,1
22,13,1
22,23,1
22,99,0
22,108,1
22,108,0
22,1,1
22,122,0
22,56,0
22,56,0
22,74,0
22,74,0
22,121,0
22,6,1
22,121,1
22,56,0
22,140,1
22,6,0
22,22,0
22,22,0
22,95,0
22,126,1
22,22,0
22,23,0
22,23,0
22,7,1
22,75,1
22,16,0
22,6,0
22,7,0
23,16,0
23,75,0
23,105,0
23,64,0
23,16,0
23,1,1
23,16,0
23,1,0
23,56,0
23,22,0
23,43,1
23,43,1
23,165,0
23,7,0
23,16,1
23,165,0
23,165,0
23,16,1
23,165,0
23,57,0
23,165,0
23,165,0
23,165,0
23,1,1
23,7,1
23,1,1
23,165,0
23,165,0
23,165,0
23,165,0
23,99,1
23,99,0
23,165,1
23,149,0
23,165,0
23,149,0
23,86,1
23,77,0
23,165,0
23,165,1
23,165,0
23,56,0
23,64,0
23,67,1
23,69,1
23,43,1
23,108,0
23,99,0
23,1,0
23,1,0
23,86,0
23,108,1
23,108,0
23,108,1
23,121,0
23,22,0
23,108,0
23,56,0
23,71,1
23,70,0
23,70,0
23,7,0
23,23,0
23,7,1
23,43,1
23,6,0
23,56,1
23,23,1
23,68,1
23,22,0
23,7,0
24,23,1
24,105,1
24,64,0
24,16,0
24,7,1
24,56,0
24,1,1
24,108,1
24,68,1
24,75,1
24,22,0
24,43,1
24,7,0
24,7,0
24,165,0
24,165,0
24,165,0
24,165,0
24,165,0
24,165,0
24,165,0
24,56,1
24,75,1
24,1,0
24,165,0
24,165,0
24,165,0
24,7,1
24,99,0
24,165,1
24,99,0
24,99,1
24,165,0
24,149,0
24,165,0
24,149,1
24,117,1
24,149,0
24,16,1
24,64,1
24,89,1
24,122,1
24,108,0
24,121,1
24,121,0
24,121,0
24,121,0
24,140,1
24,108,0
24,74,0
24,43,0
24,121,0
24,71,0
24,6,0
24,105,1
24,22,0
24,22,0
24,22,0
24,63,0
24,23,1
24,75,1
24,56,0
24,22,1
24,77,1
24,22,0
24,7,0
25,6,1
25,105,0
25,75,0
25,75,1
25,6,0
25,1,0
25,56,0
25,71,1
25,97,1
25,22,0
25,43,0
25,165,0
25,165,0
25,165,0
25,165,0
25,165,0
25,165,0
25,43,1
25,23,1
25,165,0
25,165,0
25,165,0
25,149,0
25,165,0
25,165,1
25,165,0
25,165,1
25,165,1
25,165,1
25,99,1
25,165,1
25,165,0
25,99,1
25,149,1
25,115,1
25,165,1
25,165,0
25,165,1
25,165,0
25,99,0
25,64,0
25,23,0
25,7,1
25,69,1
25,48,1
25,108,0
25,43,1
25,1,0
25,121,1
25,140,1
25,108,1
25,43,1
25,95,1
25,71,0
25,23,0
25,105,0
25,121,1
25,63,1
25,23,0
25,97,1
25,7,0
25,56,0
25,22,0
25,23,0
25,70,1
25,22,0
25,7,0
26,105,0
26,75,0
26,75,0
26,175,1
26,105,0
26,16,0
26,64,1
26,7,1
26,1,0
26,75,1
26,22,0
26,63,0
26,22,0
26,165,0
26,165,0
26,165,0
26,165,0
26,165,0
26,165,0
26,165,0
26,165,0
26,165,0
26,165,1
26,165,0
26,165,0
26,165,0
26,56,1
26,165,0
26,86,1
26,165,0
26,165,0
26,165,0
26,165,0
26,99,0
26,149,0
26,165,0
26,165,0
26,149,1
26,165,0
26,117,0
26,149,0
26,77,1
26,23,0
26,83,1
26,74,0
26,108,0
26,140,1
26,108,0
26,1,0
26,108,0
26,140,0
26,1,1
26,108,0
26,121,0
26,108,0
26,72,1
26,71,0
26,6,0
26,70,0
26,105,1
26,16,1
26,97,1
26,6,0
26,56,0
26,22,0
26,71,1
26,16,0
26,7,0
27,78,0
27,78,1
27,47,1
27,126,1
27,90,1
27,65,0
27,65,0
27,65,0
27,65,0
27,65,0
27,65,0
27,65,0
27,65,0
27,65,0
27,65,0
27,65,0
27,65,0
27,3,0
27,3,0
27,3,1
27,3,1
27,65,1
27,61,1
27,58,1
27,48,0
27,48,1
28,105,0
28,75,0
28,72,0
28,16,1
28,16,0
28,97,0
28,1,0
28,72,1
28,70,1
28,63,1
28,22,0
28,63,0
28,165,0
28,165,0
28,165,1
28,165,0
28,165,0
28,165,0
28,165,0
28,165,0
28,165,0
28,165,0
28,165,0
28,165,0
28,165,1
28,165,1
28,165,0
28,99,0
28,99,0
28,57,0
28,165,1
28,99,0
28,165,0
28,165,1
28,117,1
28,149,1
28,97,0
28,97,1
28,64,0
28,126,1
28,99,0
28,122,1
28,108,0
28,99,0
28,108,0
28,121,1
28,16,1
28,1,1
28,16,1
28,108,0
28,43,0
28,140,1
28,71,1
28,71,0
28,57,1
28,6,1
28,105,0
28,99,1
28,23,0
28,6,0
28,23,1
28,22,1
28,72,1
28,16,1
28,16,1
29,1,0
29,105,0
29,105,0
29,75,0
29,16,0
29,1,1
29,97,0
29,74,1
29,57,0
29,57,0
29,75,0
29,22,0
29,16,1
29,165,0
29,165,0
29,165,0
29,165,0
29,165,0
29,165,0
29,165,1
29,165,0
29,165,0
29,165,0
29,165,0
29,165,0
29,165,0
29,56,0
29,165,0
29,165,1
29,165,0
29,165,0
29,165,0
29,165,0
29,165,0
29,63,1
29,165,0
29,165,0
29,86,1
29,165,0
29,165,1
29,97,0
29,57,0
29,90,1
29,108,1
29,1,0
29,1,1
29,108,0
29,74,1
29,105,1
29,149,1
29,71,0
29,108,1
29,57,1
29,6,0
29,70,0
29,95,1
29,22,0
29,23,0
29,108,1
29,6,0
29,6,1
29,22,0
29,6,1
29,74,1
29,7,1
29,16,0
30,12,0
30,12,0
30,31,1
30,12,0
30,12,0
30,12,0
30,12,0
30,12,1
30,11,0
30,11,0
30,11,0
30,11,0
30,11,1
30,49,1
30,3,0
30,3,0
30,3,0
30,3,0
31,6,0
31,6,0
31,6,0
31,6,0
31,6,0
31,6,1
31,13,0
31,13,0
31,13,1
31,60,0
31,60,0
31,5,0
31,5,1
31,66,0
31,66,1
31,51,1
31,53,1
31,0,1
31,14,0
31,14,0
31,14,0
31,14,0
31,14,0
31,14,0
31,15,0
31,15,1
31,4,0
31,4,0
31,14,0
31,14,1
31,14,0
31,14,0
31,14,0
31,14,0
31,14,0
31,14,0
31,14,1
31,4,0
31,4,1
31,15,1
31,2,1
31,69,1
31,12,0
31,12,0
31,12,0
31,12,0
31,12,0
31,12,1
31,31,1
31,11,1
31,49,1
31,3,1
31,28,0
31,28,1
31,24,0
31,24,0
31,24,0
31,24,0
31,24,0
31,24,0
31,24,1
31,9,0
31,9,0
31,9,0
31,9,0
31,9,1
31,70,1
31,42,0
31,42,0
31,42,0
31,42,1
31,27,0
31,27,0
31,27,0
31,27,1
31,26,0
31,26,0
31,26,1
31,40,1
32,165,0
32,165,0
32,165,0
32,165,1
32,88,1
32,62,0
32,62,0
32,62,0
32,62,0
32,62,0
32,62,0
32,62,0
32,62,0
32,62,1
32,62,0
32,62,0
32,62,1
32,62,0
32,62,1
33,5,0
33,5,0
33,5,0
33,5,0
33,5,0
33,5,0
33,5,0
33,5,0
33,5,0
33,5,0
33,5,0
33,5,0
33,5,0
33,5,0
33,5,0
33,5,0
33,5,0
33,5,0
33,6,0
33,6,1
33,13,0
33,12,0
33,12,0
33,12,0
33,12,0
33,12,0
33,12,0
33,12,0
33,12,0
33,12,0
33,12,0
33,12,1
33,12,1
33,0,1
33,0,1
33,28,0
33,28,0
33,28,0
33,28,0
33,28,0
33,28,0
33,28,0
33,28,0
33,28,0
33,15,1
34,5,0
34,5,0
34,5,1
34,66,0
34,66,0
34,66,0
34,66,0
34,66,0
34,66,0
34,66,1
34,51,0
34,51,0
34,51,0
34,51,0
34,53,0
35,4,1
35,30,1
35,30,1
35,30,1
35,36,0
35,78,0
35,78,0
35,78,0
35,78,0
35,78,1
35,36,0
35,36,0
35,36,0
35,36,1
35,30,0
35,30,0
35,81,1
35,30,1
35,30,1
35,30,0
35,30,1
35,30,0
35,12,0
35,11,0
35,11,0
35,11,0
35,12,1
35,26,0
35,11,1
35,11,0
35,11,1
35,8,1
35,9,1
35,26,0
35,26,1
35,47,1
35,136,0
35,136,1
35,26,1
35,40,0
35,40,0
35,40,0
35,40,1
36,6,0
36,6,0
36,6,0
36,6,0
36,6,0
36,6,0
36,6,0
36,6,0
36,6,0
36,6,1
36,6,0
36,6,1
36,6,1
36,23,0
36,23,0
36,23,0
36,23,0
36,23,0
36,23,1
37,4,0
37,4,0
37,4,0
37,4,0
37,4,0
37,4,0
37,4,0
37,4,0
37,4,1
37,2,1
37,69,0
37,69,1
37,12,0
37,12,1
37,31,1
38,14,0
38,12,0
38,12,0
38,12,0
38,12,0
38,12,0
38,33,0
38,33,0
38,15,1
38,47,0
38,47,0
38,47,0
38,47,0
38,4,0
38,4,1
38,69,0
38,69,0
38,69,0
38,69,0
38,69,0
38,69,0
38,69,0
39,2,1
39,2,1
39,69,1
39,69,1
39,12,0
39,12,0
39,12,0
39,12,0
39,12,0
39,12,0
39,12,1
39,31,1
39,11,0
39,49,1
39,3,0
39,3,0
39,3,1
39,9,1
40,70,0
40,70,0
40,70,0
40,70,0
40,70,1
40,42,1
40,42,1
40,27,1
40,27,1
40,26,1
40,40,0
40,40,0
40,40,0
40,40,0
40,40,1
41,5,1
41,66,1
41,51,1
41,53,1
41,0,1
41,14,1
41,15,1
41,4,1
41,2,1
41,69,1
41,12,1
41,31,1
41,11,1
41,49,1
41,3,1
41,28,1
41,24,1
41,9,1
41,70,1
41,42,1
41,27,1
41,26,0
41,26,0
41,26,1
41,40,1
41,30,1
41,45,1
41,45,1
41,41,1
41,36,1
41,8,1
41,81,1
41,80,1
41,17,1
41,78,1
41,47,1
41,61,1
41,58,1
41,48,1
41,52,1
41,21,1
42,15,1
42,4,0
42,4,0
42,4,0
42,4,0
42,4,1
42,2,0
42,2,1
42,69,1
42,12,0
42,12,0
42,12,0
42,12,1
42,31,1
42,11,0
42,11,0
42,11,0
42,11,1
43,51,0
43,51,0
43,51,0
43,51,0
43,51,0
43,51,1
43,51,1
43,53,0
43,53,1
43,0,1
43,14,0
43,14,0
43,14,1
43,13,0
43,13,0
43,13,0
43,13,0
43,13,0
43,13,0
43,13,0
43,13,0
43,5,0
43,5,1
43,66,0
43,66,0
43,66,0
43,66,1
43,66,0
44,80,0
44,80,0
44,80,1
44,80,1
44,78,1
44,78,0
44,78,0
44,78,0
44,78,1
44,61,0
44,47,0
44,47,0
44,47,0
44,47,1
44,61,1
44,58,0
44,58,1
44,48,1
44,48,1
44,48,1
44,96,0
44,96,1
44,37,0
44,37,1
44,52,0
44,52,0
44,52,1
45,7,1
45,16,1
45,1,1
45,63,0
45,63,0
45,63,1
45,97,1
45,75,1
45,22,0
45,22,0
45,22,0
45,22,0
45,22,1
45,63,0
45,63,1
45,5,1
45,5,1
45,51,0
45,51,1
45,66,0
45,66,0
45,66,1
45,66,1
45,53,1
46,33,0
46,106,0
46,23,1
46,23,1
46,16,1
46,7,1
46,1,1
46,63,1
46,97,1
46,75,1
46,22,1
46,82,1
46,90,0
46,90,0
46,33,0
46,33,0
46,60,0
46,93,1
46,90,0
46,90,1
47,12,0
47,12,0
47,12,0
47,12,0
47,12,0
47,12,1
47,12,1
47,31,0
47,31,0
47,31,1
47,11,0
47,11,0
47,11,0
47,11,1
47,11,1
47,49,1
48,60,0
48,60,0
48,60,1
48,11,1
48,83,0
48,58,1
48,83,0
48,83,0
48,83,0
48,83,0
48,83,0
48,83,0
48,83,0
48,83,0
48,83,0
48,83,0
48,83,0
48,83,0
48,83,0
48,83,1
48,83,0
48,83,0
48,83,1
48,83,0
48,83,0
48,83,0
48,9,1
48,42,0
48,42,1
48,42,1
48,83,0
49,5,0
49,5,0
49,5,0
49,5,0
49,5,0
49,5,0
49,5,1
49,66,0
49,66,0
49,66,1
49,51,1
49,53,1
49,0,0
49,0,1
49,0,1
49,14,0
49,14,0
49,15,0
49,15,0
49,15,1
49,4,1
50,5,0
50,5,0
50,5,1
50,66,0
50,66,0
50,66,0
50,66,0
50,66,0
50,66,1
50,51,0
50,53,0
50,53,0
50,51,1
50,53,1
50,0,1
50,14,0
50,14,0
51,63,1
51,63,0
51,97,1
51,63,0
51,63,1
51,75,1
51,22,0
51,22,0
51,22,1
51,109,1
51,5,1
51,5,1
51,66,1
51,66,1
51,51,0
51,51,0
51,51,1
51,51,1
52,30,0
52,30,0
52,30,0
52,30,0
52,30,1
52,45,0
52,45,0
52,45,0
52,45,0
52,45,0
52,45,0
52,45,0
52,45,0
52,45,0
52,47,1
52,54,1
52,107,1
52,45,0
52,45,1
52,45,1
53,5,0
53,5,1
53,5,1
53,66,0
53,66,0
53,66,1
53,51,0
53,51,0
53,51,1
53,53,1
53,0,0
53,0,1
53,14,0
53,14,0
53,14,0
53,14,1
54,6,0
54,6,0
54,6,0
54,6,1
54,13,0
54,13,0
54,13,0
54,13,0
54,13,0
54,13,1
54,13,0
54,13,0
54,6,0
54,6,0
54,6,0
54,6,1
54,6,0
54,6,1
54,13,1
54,60,0
54,60,0
55,6,0
55,6,0
55,6,0
55,6,1
55,13,0
55,13,0
55,13,0
55,13,0
55,13,0
55,13,0
55,13,0
55,13,0
55,13,0
55,13,0
55,13,1
55,23,0
55,23,0
55,23,0
55,23,0
56,13,0
56,13,1
56,60,0
56,66,0
56,66,1
56,66,0
56,66,0
56,66,1
56,51,1
56,51,0
56,51,1
56,53,0
56,53,1
56,6,1
56,14,0
56,14,0
56,14,0
56,14,1
56,14,1
57,60,1
57,24,0
57,24,0
57,24,0
57,24,0
57,24,1
57,11,0
57,11,0
57,11,1
57,12,0
57,12,0
57,12,0
57,12,0
57,12,1
57,69,1
57,2,1
57,2,1
58,74,0
58,74,1
58,43,1
58,132,0
58,132,0
58,109,1
58,132,0
58,132,1
58,35,0
58,35,0
58,35,0
58,35,0
58,35,1
58,111,0
58,111,0
58,111,0
58,111,1
58,106,1
59,69,0
59,12,0
59,69,1
59,12,0
59,31,0
59,49,1
59,3,1
59,47,0
59,47,0
59,52,1
59,47,0
59,47,0
59,72,0
59,66,1
59,72,0
59,72,0
59,113,1
59,50,1
59,72,0
59,72,0
60,51,0
60,51,0
60,51,0
60,51,0
60,51,1
60,66,0
60,4,1
60,66,1
60,53,0
60,53,0
60,53,0
60,53,1
60,53,1
60,15,1
60,5,0
60,5,1
60,0,0
60,0,0
60,0,1
60,69,1
60,69,0
60,69,1
60,2,0
60,2,0
60,2,1
60,24,0
60,24,0
60,24,1
61,1,0
61,1,1
61,63,0
61,63,1
61,97,0
61,97,0
61,97,0
61,97,1
61,75,0
61,75,1
61,22,0
61,22,0
61,22,0
61,22,0
61,22,0
61,22,1
61,5,0
61,5,0
61,5,0
61,5,1
61,66,0
61,66,0
61,66,0
61,66,0
61,66,0
61,66,1
61,66,0
61,66,1
61,51,1
61,53,1
61,0,1
61,14,0
62,60,1
62,95,0
62,95,1
62,25,1
62,83,0
62,83,0
62,83,1
62,126,1
62,108,1
62,115,0
62,115,0
62,115,0
62,115,0
62,115,0
62,115,0
62,115,0
62,115,0
62,115,0
62,115,0
62,115,0
62,115,1
63,11,0
63,11,0
63,11,0
63,11,1
63,11,0
63,11,1
63,11,1
63,11,1
63,49,0
63,49,0
63,49,1
63,3,1
63,28,1
63,24,0
63,24,0
63,24,0
63,24,0
63,24,1
63,24,1
63,9,0
63,9,0
63,9,0
63,9,0
63,9,0
63,9,0
63,9,0
63,9,0
63,9,0
63,9,0
63,9,0
63,9,0
63,9,0
63,9,0
63,9,1
63,9,1
63,9,1
63,9,1
63,9,0
63,9,0
63,9,0
63,9,0
63,70,0
63,70,1
63,42,0
63,42,0
63,42,0
63,42,1
63,27,1
64,60,0
64,60,0
64,60,1
64,25,1
64,99,0
64,99,0
64,99,0
64,99,1
64,5,0
64,5,1
64,66,0
64,66,1
64,51,1
64,53,1
64,0,1
65,30,0
65,30,1
65,45,0
65,45,0
65,45,0
65,45,0
65,45,0
65,45,0
65,45,0
65,45,0
65,45,0
65,45,0
65,45,0
65,45,0
65,45,0
65,45,0
65,45,0
65,45,0
65,45,0
65,45,1
65,64,0
65,64,0
65,64,0
65,64,0
65,64,0
65,64,0
65,64,0
65,64,0
65,64,0
65,64,0
66,53,1
66,0,0
66,0,1
66,6,0
66,6,0
66,6,0
66,6,0
66,6,1
66,14,0
66,14,0
66,14,0
66,14,1
66,15,0
66,15,1
66,4,0
66,4,0
66,4,0
66,4,0
66,4,0
66,4,0
66,4,0
66,4,1
67,66,0
67,66,0
67,66,0
67,66,1
67,53,1
67,53,1
67,0,0
67,0,1
67,14,0
67,14,0
67,14,0
67,14,0
67,14,0
67,14,0
67,14,1
68,64,0
68,64,0
68,64,0
68,64,0
68,64,0
68,64,1
68,74,0
68,74,0
68,74,0
68,74,0
68,74,0
68,74,0
68,74,0
68,74,0
68,74,1
68,72,0
68,72,0
68,72,0
69,36,1
69,36,1
69,80,1
69,40,1
69,40,1
69,24,0
69,24,0
69,24,0
69,24,0
69,24,1
69,26,1
69,9,1
69,9,1
69,9,0
69,9,1
69,42,0
69,42,0
69,42,1
69,42,1
70,60,0
70,60,0
70,60,0
70,5,0
70,5,1
70,66,0
70,60,0
70,60,0
70,66,0
70,66,1
70,51,0
70,51,0
70,51,0
70,51,1
70,53,1
70,0,1
70,14,0
70,14,0
70,15,1
70,4,0
70,4,0
70,4,0
70,4,0
70,4,0
71,116,1
71,68,1
71,161,0
71,161,1
71,100,1
71,110,0
71,110,0
71,110,1
71,176,0
71,176,0
71,176,0
71,176,0
71,176,0
71,176,0
71,176,1
71,127,0
71,127,0
71,127,0
71,127,0
71,127,0
71,107,0
71,107,0
71,107,0
71,107,0
71,107,0
71,107,0
71,107,0
71,107,0
71,107,0
71,107,0
71,107,0
71,107,0
71,107,0
71,107,0
71,107,0
71,127,0
71,127,0
71,127,1
71,127,1
72,16,0
72,16,1
72,22,0
72,22,0
72,22,0
72,22,0
72,22,0
72,22,0
72,22,0
72,22,0
72,22,1
72,75,0
72,75,0
72,75,0
72,75,0
72,75,0
72,75,1
72,22,0
72,22,0
72,13,0
72,13,1
72,22,0
72,22,1
73,26,0
73,26,1
73,60,0
73,60,0
73,23,1
73,16,1
73,7,1
73,1,1
73,63,1
73,97,1
73,75,1
73,22,0
73,22,1
73,109,0
73,109,0
73,109,0
73,109,0
73,109,0
73,109,0
73,109,0
73,109,0
73,109,1
73,109,0
73,109,0
73,109,0
73,109,0
73,109,1
73,109,1
73,109,1
73,109,1
73,109,0
73,109,1
73,109,1
73,109,0
73,109,0
73,109,0
73,109,1
73,109,1
73,109,0
73,109,1
74,112,0
74,112,0
74,112,0
74,112,0
74,112,0
74,75,0
74,75,0
74,75,0
74,75,0
74,75,0
74,75,1
74,23,1
74,16,1
74,7,0
74,7,1
75,47,0
75,47,0
75,47,0
75,47,0
75,47,0
75,47,0
75,47,0
75,47,0
75,47,1
75,47,1
75,61,1
75,61,0
75,61,1
75,58,0
75,58,0
75,58,0
75,58,1
75,48,1
75,96,1
76,53,0
76,53,0
76,53,0
76,53,0
76,53,0
76,53,0
76,53,0
76,53,0
76,53,1
76,0,1
76,14,0
76,14,0
76,14,0
76,14,1
76,15,1
76,15,1
76,4,0
76,4,1
76,2,0
76,2,0
76,2,0
76,2,0
76,2,0
76,2,1
76,69,1
77,6,0
77,6,0
77,6,0
77,6,0
77,6,0
77,6,0
77,6,0
77,6,0
77,6,0
77,6,0
77,6,1
77,6,0
77,6,0
77,6,0
77,6,0
77,6,1
77,13,0
77,13,0
77,13,1
78,166,0
78,166,0
78,166,0
78,166,0
78,166,0
78,166,0
78,166,0
78,166,0
78,166,0
78,166,1
78,166,0
78,166,0
78,166,0
78,166,1
78,134,1
79,4,0
79,4,0
79,4,0
79,4,0
79,4,0
79,4,0
79,4,0
79,4,1
79,2,0
79,2,1
79,69,1
79,12,0
79,12,0
79,12,0
79,12,0
79,12,1
80,14,0
80,14,0
80,14,0
80,14,0
80,14,0
80,14,1
80,15,1
80,4,0
80,4,0
80,4,0
80,4,0
80,4,1
80,2,1
80,69,1
80,69,1
80,12,0
80,12,0
80,12,0
80,12,0
80,12,1
80,12,0
80,12,0
80,12,0
80,12,1
80,31,0
80,31,1
80,11,0
80,11,0
80,11,0
80,11,0
80,11,0
80,11,1
80,11,1
80,11,1
80,49,1
80,3,1
80,28,0
80,28,0
80,28,1
80,24,1
80,9,0
81,5,0
81,5,0
81,5,0
81,6,0
81,6,0
81,51,1
81,53,0
81,53,0
81,6,0
81,0,1
81,15,1
81,4,0
81,4,0
81,4,0
81,66,0
81,2,0
81,2,1
81,4,0
81,5,0
81,5,0
81,53,0
81,53,0
81,53,0
81,49,1
81,26,1
81,8,0
81,8,0
81,4,0
81,54,0
81,54,0
81,54,1
81,53,0
81,5,1
81,5,1
81,53,0
81,53,1
81,5,1
81,53,0
81,53,0
81,53,1
81,66,0
81,66,1
81,69,1
81,4,0
81,4,0
81,31,0
81,31,0
81,31,0
81,31,0
81,31,0
81,31,0
81,31,0
81,31,0
81,31,0
81,31,0
81,136,0
82,51,0
82,51,1
82,51,1
82,66,0
82,66,0
82,66,0
82,66,0
82,66,0
82,66,1
82,66,1
82,53,0
82,53,0
82,53,0
82,53,0
82,53,0
82,53,0
82,53,0
82,53,0
82,53,0
82,53,0
82,53,0
82,53,0
82,53,1
82,0,0
82,0,0
82,0,1
82,4,1
82,6,1
82,13,1
83,22,0
83,22,0
83,22,0
83,22,0
83,22,0
83,22,0
83,22,1
83,22,0
83,23,1
83,16,1
83,7,1
83,1,1
83,63,0
83,63,0
83,63,1
83,97,1
83,75,1
83,22,0
83,22,0
83,22,0
83,22,0
83,22,0
83,22,0
83,22,0
83,22,0
83,22,0
83,22,0
83,22,1
83,22,1
84,64,0
84,64,0
84,64,0
84,64,0
84,64,0
84,64,0
84,64,0
84,64,0
84,64,0
84,64,1
84,5,1
84,66,0
84,66,0
84,66,0
84,66,0
84,66,0
84,66,0
84,66,1
84,51,1
84,53,0
84,53,0
84,53,1
84,53,1
84,53,1
84,53,1
84,53,1
84,0,0
84,0,0
84,0,0
84,0,0
84,0,0
84,0,0
84,0,0
84,0,1
84,14,0
84,14,0
84,14,0
84,14,0
84,14,0
84,14,1
84,15,1
84,15,1
85,53,0
85,53,0
85,53,0
85,53,0
85,53,0
85,53,0
85,53,0
85,53,0
85,53,0
85,53,0
85,66,0
85,4,0
85,15,1
85,51,0
85,0,0
85,66,0
85,53,0
85,69,0
85,12,0
85,31,1
85,2,0
86,5,0
86,5,0
86,5,0
86,5,0
86,5,1
86,66,1
86,51,0
86,51,0
86,51,0
86,51,0
86,51,1
86,51,1
86,53,0
86,53,0
86,53,0
86,53,0
86,53,0
86,53,1
86,6,1
86,0,0
86,0,1
87,51,0
87,51,0
87,6,0
87,6,0
87,13,0
87,66,0
87,51,0
87,51,1
87,66,1
87,6,0
87,13,0
87,13,0
87,13,0
87,6,0
87,6,0
87,6,0
87,6,0
87,6,0
87,6,0
87,6,1
87,13,0
87,13,0
87,13,0
88,51,0
88,51,1
88,53,0
88,53,0
88,53,0
88,53,0
88,53,0
88,53,0
88,53,1
88,53,1
88,14,0
88,14,1
88,4,0
88,4,0
88,0,0
88,0,1
88,4,0
88,4,0
88,4,0
88,4,1
88,4,0
89,11,0
89,11,0
89,28,0
89,11,0
89,11,0
89,11,1
89,28,0
89,28,0
89,28,0
89,28,0
89,28,0
89,28,0
89,28,0
89,28,0
89,28,0
89,28,1
89,47,0
89,47,0
89,47,0
89,47,0
89,47,0
89,47,0
89,47,1
89,47,1
89,78,0
89,78,0
89,78,1
89,21,0
89,21,0
89,5,1
89,66,1
89,21,0
89,21,0
89,21,0
89,21,0
89,21,1
90,13,0
90,13,0
90,13,0
90,13,0
90,13,0
90,13,0
90,13,0
90,13,0
90,13,0
90,13,0
90,13,0
90,13,0
90,13,0
90,13,0
90,13,0
90,13,0
90,13,1
90,97,0
90,13,0
90,97,0
90,97,1
90,75,0
90,75,1
90,22,0
90,22,0
90,22,0
90,22,0
90,22,0
90,22,0
90,22,0
90,22,0
90,22,0
90,22,1
91,23,0
91,23,1
91,16,1
91,16,1
91,16,1
91,7,1
91,1,1
91,63,1
91,97,1
91,75,1
91,22,0
91,22,1
91,13,0
91,13,1
91,5,0
91,5,0
91,5,1
92,69,1
92,12,0
92,12,0
92,12,0
92,12,1
92,12,0
92,31,0
92,31,0
92,31,0
92,11,1
92,49,1
92,3,0
92,3,1
92,24,1
92,9,0
92,9,1
92,42,1
92,27,1
92,26,1
92,40,1
92,66,0
92,66,0
92,66,0
92,66,0
92,66,0
92,66,0
92,30,0
92,30,0
92,30,0
92,30,0
93,5,1
93,66,0
93,66,0
93,66,0
93,66,0
93,66,0
93,66,0
93,66,0
93,51,1
93,53,0
93,53,0
93,66,1
93,66,1
93,66,1
93,53,0
93,53,0
93,53,0
93,53,1
93,53,1
93,53,1
93,53,1
93,53,1
93,53,1
93,53,1
93,53,0
93,53,0
93,0,0
93,14,1
93,0,0
93,0,0
93,0,0
93,15,1
94,142,0
94,142,0
94,142,0
94,142,0
94,142,0
94,142,0
94,142,0
94,142,0
94,142,0
94,142,0
94,142,0
94,142,0
94,142,0
94,142,0
94,142,1
94,142,0
94,142,1
94,79,0
94,79,0
94,79,0
94,79,0
94,79,1
94,79,0
94,79,0
94,142,0
95,24,1
95,9,1
95,70,1
95,42,0
95,28,0
95,28,1
95,42,1
95,28,1
95,27,1
95,26,0
95,26,0
95,26,1
95,26,0
95,26,0
95,26,0
95,26,1
95,26,1
95,26,1
95,26,1
95,26,1
95,26,1
95,26,0
95,26,1
95,9,0
96,51,0
96,51,0
96,51,1
96,53,0
96,53,0
96,53,1
96,0,0
96,0,0
96,0,1
96,14,0
96,14,0
96,14,0
96,14,0
96,14,1
96,15,0
96,15,0
96,15,1
97,80,1
97,61,1
97,58,0
97,58,0
97,58,0
97,58,0
97,58,0
97,58,0
97,58,0
97,58,0
97,58,0
97,58,0
97,58,0
97,58,0
97,58,0
97,58,0
97,48,1
97,37,0
98,5,0
98,5,0
98,5,1
98,5,0
98,66,0
98,66,0
98,66,0
98,66,0
98,66,1
98,51,1
98,53,0
98,53,1
98,0,0
98,0,0
98,0,0
98,0,1
98,14,0
98,14,0
98,14,1
98,15,0
99,99,0
99,99,0
99,99,1
99,99,1
99,99,1
99,99,1
99,99,1
99,99,1
99,99,1
99,99,1
99,99,1
99,99,1
99,153,0
99,153,0
99,153,0
99,153,0
99,153,0
99,153,1
100,27,0
100,27,0
100,27,0
100,27,1
100,27,1
100,27,1
100,9,0
100,9,0
100,9,0
100,9,0
100,9,1
100,9,0
100,9,0
100,9,0
100,9,1
101,51,0
101,51,0
101,51,0
101,51,1
101,53,1
101,53,1
101,53,1
101,53,1
101,53,1
101,53,1
101,53,1
101,53,1
101,53,1
101,53,1
101,53,1
101,53,1
101,53,1
101,53,1
101,53,1
102,161,0
102,161,0
102,161,0
102,161,0
102,161,0
102,161,0
102,161,1
102,100,0
102,100,0
102,100,0
102,100,0
102,110,1
102,162,1
102,100,0
102,100,0
102,121,0
102,121,1
102,84,0
102,84,1
102,84,0
102,84,0
102,84,1
102,84,0
102,84,0
102,84,0
102,84,0
102,84,1
102,100,0
102,100,0
103,6,0
103,6,1
103,13,0
103,13,0
103,60,0
103,13,0
103,13,0
103,13,1
103,60,0
103,60,0
103,60,1
103,126,1
103,66,0
103,66,1
103,51,1
103,53,1
103,0,1
103,4,0
103,4,0
103,4,0
103,15,1
103,4,0
103,4,1
104,14,1
104,14,0
104,15,0
104,15,0
104,14,0
104,15,0
104,15,0
104,15,1
104,15,0
104,15,0
104,15,0
104,15,0
104,15,0
104,15,0
104,15,0
104,15,1
104,4,0
104,4,0
104,4,0
104,4,0
104,4,0
104,4,0
104,4,0
105,14,0
105,14,0
105,14,0
105,14,0
105,14,0
105,14,0
105,14,0
105,14,0
105,14,0
105,14,0
105,14,0
105,14,1
105,15,0
105,15,0
105,15,0
105,15,0
105,15,0
105,15,1
105,4,0
105,4,0
105,4,0
105,4,1
106,23,1
106,16,1
106,16,1
106,16,1
106,16,1
106,7,0
106,7,0
106,7,0
106,7,1
106,1,1
106,63,1
106,97,1
106,75,1
106,22,0
106,22,1
106,109,0
106,109,0
106,109,0
106,109,1
107,5,0
107,5,0
107,5,1
107,66,1
107,51,1
107,53,0
107,53,0
107,53,1
107,0,0
107,0,1
107,14,0
107,14,1
107,15,1
107,15,1
107,4,0
107,4,0
107,4,0
107,4,0
107,4,0
107,4,0
107,4,0
107,4,1
107,2,0
107,2,1
107,69,0
107,69,0
107,69,1
107,12,0
107,12,1
108,49,1
108,3,0
108,3,0
108,3,0
108,3,0
108,3,0
108,3,0
108,3,0
108,3,1
108,162,0
108,162,0
108,162,0
108,162,0
108,162,0
108,162,0
108,162,1
108,162,1
108,132,0
108,132,0
108,132,0
108,132,0
108,132,0
108,132,0
108,132,1
109,8,0
109,8,0
109,8,0
109,8,1
109,61,1
109,58,0
109,58,0
109,96,0
109,58,0
109,58,0
109,58,0
109,58,0
109,58,0
109,58,0
109,52,1
110,5,0
110,5,0
110,5,0
110,5,0
110,5,0
110,5,0
110,5,1
110,66,0
110,66,0
110,66,1
110,51,0
110,51,0
110,51,1
110,53,1
110,0,1
110,14,0
110,14,0
110,14,0
110,14,0
110,14,0
110,14,1
111,17,0
111,17,1
111,78,0
111,78,1
111,47,0
111,47,0
111,47,0
111,47,0
111,47,1
111,126,0
111,126,1
111,90,0
111,90,1
111,65,0
111,65,0
111,65,1
112,14,0
112,14,0
112,14,0
112,14,1
112,15,0
112,15,0
112,15,1
112,4,0
112,4,0
112,4,0
112,4,1
112,2,0
112,2,0
112,2,0
112,2,0
112,2,0
112,2,0
112,2,0
112,2,0
112,2,0
112,2,0
112,2,0
112,2,0
112,2,0
112,2,0
112,2,0
112,2,0
112,2,0
112,2,1
112,69,0
112,69,1
112,12,0
112,12,0
112,12,0
112,12,1
113,172,0
113,172,0
113,172,0
113,172,1
113,31,1
113,31,1
113,31,1
113,31,1
113,31,1
113,31,1
113,31,1
113,31,1
113,31,1
113,31,1
113,31,1
113,31,1
113,31,1
113,31,1
113,31,1
113,31,1
113,31,1
113,31,1
113,31,1
113,31,1
113,31,1
113,31,1
113,31,1
114,53,0
114,53,0
114,53,1
114,66,1
114,0,0
114,0,0
114,0,0
114,0,1
114,4,0
114,4,1
114,69,1
114,52,0
114,52,0
114,52,0
114,52,1
115,42,1
115,30,1
115,37,0
115,120,1
115,113,0
115,106,0
115,167,0
115,156,0
115,91,0
115,10,1
115,29,0
115,77,0
115,123,0
115,148,0
115,95,1
115,25,1
115,146,0
115,146,0
115,144,1
115,170,1
115,115,1
115,168,0
116,2,0
116,2,0
116,2,0
116,2,0
116,2,0
116,2,0
116,2,0
116,2,0
116,2,1
116,15,0
116,15,0
116,15,1
116,52,0
116,52,0
116,52,1
117,75,1
117,22,0
117,22,0
117,22,1
117,6,0
117,6,1
117,13,1
117,66,0
117,66,0
117,66,0
117,66,0
117,66,0
117,66,0
117,66,0
117,66,0
117,66,0
117,66,0
117,66,0
117,66,0
117,66,0
117,66,0
117,66,0
117,66,0
117,66,0
117,66,0
117,66,0
117,66,0
117,66,0
117,66,0
117,66,1
118,53,0
118,66,0
118,66,0
118,66,0
118,66,0
118,4,0
118,66,0
118,66,0
118,66,0
118,66,1
118,51,0
118,51,0
118,51,0
118,51,0
118,51,0
118,51,0
118,51,0
118,0,0
118,53,0
118,51,1
118,53,1
118,0,1
119,23,0
119,23,0
119,69,0
119,69,0
119,69,0
119,69,0
119,69,0
119,69,0
119,69,0
119,69,0
119,69,0
119,69,0
119,69,0
119,69,1
119,23,1
119,16,0
119,16,0
119,16,0
120,66,1
120,51,0
120,51,0
120,51,0
120,51,0
120,51,0
120,51,0
120,51,1
120,53,1
120,0,0
120,0,1
120,60,0
120,60,0
120,60,0
120,60,0
120,60,0
120,60,0
120,60,0
121,170,0
121,170,0
121,170,0
121,170,0
121,170,0
121,170,0
121,170,0
121,170,0
121,170,1
121,6,0
121,13,0
121,13,1
121,173,0
121,173,0
121,173,0
121,173,0
121,173,0
121,173,0
121,173,0
121,173,0
121,173,0
121,173,0
121,173,0
121,173,0
121,173,0
121,173,1
121,173,1
122,69,0
122,69,0
122,69,0
122,69,1
122,69,1
122,69,1
122,69,1
122,69,1
122,69,1
122,69,1
122,69,1
122,69,1
122,69,1
122,69,1
122,69,1
122,69,1
122,69,1
122,69,1
122,69,1
122,69,1
122,69,1
122,69,1
122,69,1
122,69,1
122,69,1
122,69,1
122,69,1
122,69,1
122,69,1
122,69,1
122,69,1
122,69,1
122,69,1
122,69,1
122,15,1
122,52,0
122,52,0
122,52,0
122,52,1
122,50,0
122,50,0
122,50,1
122,50,1
122,50,1
123,69,0
123,69,0
123,69,1
123,15,1
123,52,0
123,52,0
123,52,0
123,52,0
123,52,0
123,52,0
123,52,0
123,52,0
123,52,1
123,50,0
123,50,0
123,50,0
123,50,1
124,6,0
124,6,0
124,69,0
124,69,0
124,69,0
124,69,0
124,69,0
124,69,0
124,69,0
124,69,0
124,69,0
124,69,0
124,69,0
124,69,0
124,69,1
124,6,1
124,13,1
125,72,0
125,72,0
125,72,0
125,72,0
125,72,0
125,72,0
125,72,1
125,35,1
125,111,0
125,111,0
125,126,0
125,126,0
125,126,0
125,126,0
125,126,0
125,126,0
125,126,1
125,126,0
125,126,0
125,126,0
125,126,0
125,126,1
125,126,0
125,126,0
125,126,1
126,66,1
126,51,0
126,51,0
126,51,0
126,51,0
126,51,0
126,51,0
126,51,0
126,51,0
126,51,0
126,51,0
126,51,0
126,53,0
126,53,1
126,53,1
126,51,0
126,51,0
126,51,0
126,51,0
126,51,0
126,51,0
126,51,1
127,6,0
127,6,0
127,6,0
127,6,0
127,6,0
127,6,0
127,6,0
127,6,1
127,69,0
127,69,0
127,69,0
127,69,0
127,69,0
127,69,0
127,69,0
127,69,0
127,69,0
127,69,0
127,69,0
127,69,0
127,69,0
127,69,0
127,69,0
127,69,0
127,69,0
127,69,0
127,69,0
127,69,0
127,69,0
127,69,0
127,69,0
127,69,1
128,24,0
128,24,0
128,24,0
128,24,0
128,24,0
128,24,0
128,24,0
128,24,0
128,24,0
128,24,0
128,24,0
128,24,1
128,9,1
128,70,0
128,70,0
128,70,0
128,70,0
128,70,0
128,70,0
128,70,0
128,70,0
128,70,0
128,70,0
128,70,0
128,70,0
128,70,0
128,70,0
128,70,1
128,70,0
128,70,0
129,9,0
129,9,0
129,9,1
129,42,0
129,42,0
129,42,1
129,27,0
129,27,1
129,26,0
129,26,1
129,40,0
129,26,0
129,40,0
129,40,1
129,30,0
129,30,0
129,30,0
129,30,0
129,30,1
129,45,0
129,45,1
130,37,0
130,37,0
130,37,0
130,37,0
130,37,0
130,37,0
130,37,0
130,37,0
130,37,0
130,37,0
130,37,0
130,108,0
130,108,0
130,108,1
130,37,1
130,37,0
131,15,0
131,15,1
131,4,0
131,4,0
131,4,0
131,4,0
131,4,0
131,4,0
131,4,0
131,4,0
131,4,1
131,4,0
131,4,0
131,4,0
131,33,0
131,33,0
131,33,1
132,2,1
132,50,0
132,50,0
132,15,1
132,50,0
132,50,0
132,50,0
132,50,0
132,50,0
132,50,0
132,50,0
132,50,0
132,50,0
132,50,0
132,50,1
133,25,1
133,25,1
133,6,0
133,6,0
133,6,1
133,2,0
133,2,0
133,2,0
133,2,0
133,2,0
133,2,0
133,2,1
133,69,0
133,69,0
133,69,0
133,69,0
133,69,0
134,6,0
134,6,0
134,6,0
134,6,0
134,6,0
134,6,0
134,6,0
134,6,0
134,6,0
134,6,0
134,6,0
134,6,0
134,6,0
134,6,0
134,6,0
134,6,1
